customer_id,num_channels_used,late_night_txn_count,late_night_ratio,weekend_txn_count,activity_span_days,unique_countries,unique_provinces,unique_cities,geo_diversity_score,near_threshold_count,avg_txn_per_active_day,unique_merchant_categories,txn_to_income_ratio,label
BUS_00000,6,17,0.3469387755102041,13,316,4,4,5,53,0,1.0425531914893618,5,0.0029708627105265962,0
BUS_00001,7,15,0.3191489361702128,10,351,2,4,5,33,0,1.0217391304347827,5,0.009919366369680327,0
BUS_00002,5,12,0.1935483870967742,16,353,3,4,5,43,0,1.0508474576271187,5,0.08212440203070606,0
BUS_00003,6,12,0.2553191489361702,14,332,2,4,5,33,0,1.0930232558139534,5,0.13890129933415818,0
BUS_00004,7,11,0.20754716981132076,16,351,3,4,5,43,0,1.0392156862745099,5,0.05904027325301198,1
BUS_00005,7,9,0.18,16,348,4,4,5,53,0,1.0416666666666667,5,0.14158392292207406,0
BUS_00006,7,6,0.125,10,374,4,4,5,53,0,1.0434782608695652,4,0.008349936912728038,0
BUS_00007,7,9,0.25,14,325,2,4,5,33,0,1.0,5,0.020995972804183086,0
BUS_00008,6,14,0.3181818181818182,12,361,4,4,5,53,0,1.0731707317073171,5,0.04851990811249479,0
BUS_00009,7,6,0.1276595744680851,14,353,3,4,5,43,0,1.0444444444444445,5,0.011250095271830797,0
BUS_00010,7,7,0.175,14,362,3,4,4,42,0,1.0526315789473684,5,0.0026186393817959333,0
BUS_00011,7,17,0.34,9,352,4,4,5,53,0,1.1111111111111112,5,0.009293768383396125,0
BUS_00012,7,18,0.3103448275862069,20,354,3,4,5,43,0,1.0943396226415094,5,0.0499637865776726,0
BUS_00013,5,5,0.13157894736842105,10,348,3,4,5,43,0,1.027027027027027,5,0.015105288259209674,0
BUS_00014,7,9,0.19148936170212766,11,335,3,4,5,43,0,1.0444444444444445,4,0.015736025138376856,0
BUS_00015,7,15,0.26785714285714285,19,352,4,4,5,53,0,1.037037037037037,5,0.005612753238136621,0
BUS_00016,7,9,0.1956521739130435,16,362,2,4,5,33,0,1.0454545454545454,5,0.21219141340769557,0
BUS_00017,7,8,0.21052631578947367,7,346,3,4,5,43,0,1.0555555555555556,5,0.03487404228364586,0
BUS_00018,6,15,0.29411764705882354,16,351,3,4,5,43,0,1.02,5,0.10176353619012103,0
BUS_00019,7,15,0.2777777777777778,14,335,4,4,5,53,0,1.1020408163265305,5,0.05390488979311743,0
BUS_00020,6,10,0.20408163265306123,15,346,3,4,5,43,0,1.0425531914893618,5,0.0730199812777025,0
BUS_00021,7,11,0.1774193548387097,18,360,4,4,5,53,0,1.087719298245614,4,0.059951055858556146,0
BUS_00022,7,14,0.27450980392156865,19,337,3,4,5,43,0,1.0851063829787233,5,0.037909068573814445,0
BUS_00023,7,14,0.2978723404255319,13,359,3,4,5,43,0,1.119047619047619,5,5.470495023600878,0
BUS_00024,7,13,0.21666666666666667,12,361,3,4,5,43,0,1.0169491525423728,5,0.617142124603977,0
BUS_00025,7,11,0.2037037037037037,17,356,2,4,5,33,0,1.0188679245283019,5,0.0015581300328518545,0
BUS_00026,6,15,0.3125,12,343,1,4,5,23,0,1.0666666666666667,4,0.06413244227324914,0
BUS_00027,7,18,0.2727272727272727,13,349,3,4,5,43,0,1.1578947368421053,5,0.06876577439056844,0
BUS_00028,6,5,0.1282051282051282,10,343,3,4,5,43,0,1.054054054054054,4,0.0657509273518245,0
BUS_00029,6,11,0.21568627450980393,12,364,2,4,5,33,0,1.0408163265306123,5,0.08896264406701136,0
BUS_00030,7,10,0.21739130434782608,11,346,2,4,5,33,0,1.0952380952380953,4,0.005877977007878851,0
BUS_00031,7,7,0.1320754716981132,10,350,4,4,5,53,0,1.06,5,0.07675825632314336,0
BUS_00032,7,12,0.23076923076923078,14,356,3,4,5,43,0,1.1304347826086956,5,0.018745738324228413,0
BUS_00033,7,16,0.41025641025641024,11,331,3,4,5,43,0,1.054054054054054,4,0.14842902573028516,0
BUS_00034,7,14,0.35,13,345,3,4,5,43,0,1.0256410256410255,5,0.0022971270731299035,0
BUS_00035,7,13,0.2653061224489796,14,351,3,4,5,43,0,1.065217391304348,5,0.05866960603156114,1
BUS_00036,7,13,0.2708333333333333,14,330,4,4,5,53,0,1.1162790697674418,4,0.021565825399962654,0
BUS_00037,6,16,0.34782608695652173,10,347,4,4,5,53,0,1.0454545454545454,5,0.0022775317170397763,0
BUS_00038,7,10,0.18867924528301888,19,347,3,4,5,43,0,1.1041666666666667,5,0.01876025658558325,0
BUS_00039,7,19,0.3584905660377358,15,357,3,4,5,43,0,1.2045454545454546,4,0.010864499048741455,0
BUS_00040,7,9,0.225,14,355,4,4,4,52,0,1.0526315789473684,3,0.013119629489375008,0
BUS_00041,7,12,0.21428571428571427,14,347,3,4,5,43,0,1.018181818181818,5,0.018515548371451404,0
BUS_00042,7,19,0.4222222222222222,16,332,4,4,5,53,0,1.0227272727272727,5,0.026445449867949583,0
BUS_00043,7,9,0.1956521739130435,14,340,4,4,5,53,0,1.069767441860465,5,0.07766582253970683,0
BUS_00044,7,8,0.21621621621621623,9,348,2,4,5,33,0,1.121212121212121,4,0.10381428430101798,0
BUS_00045,7,10,0.2222222222222222,10,353,3,4,5,43,0,1.0714285714285714,4,0.08545278669576607,0
BUS_00046,7,10,0.20833333333333334,6,368,3,4,5,43,0,1.0434782608695652,5,0.04640526716871041,0
BUS_00047,7,12,0.21052631578947367,17,355,2,4,5,33,0,1.0961538461538463,5,0.0676392123300416,0
BUS_00048,6,20,0.2631578947368421,22,361,4,4,5,53,0,1.1014492753623188,5,0.13018587241318055,0
BUS_00049,7,15,0.32608695652173914,13,361,3,4,5,43,0,1.0222222222222221,5,0.06819771177384265,0
BUS_00050,7,11,0.22916666666666666,15,338,3,4,5,43,0,1.0212765957446808,5,0.015029804715560605,0
BUS_00051,7,11,0.22916666666666666,13,322,3,4,5,43,0,1.0909090909090908,5,0.020100918204322814,0
BUS_00052,7,15,0.22727272727272727,19,357,3,4,5,43,0,1.0819672131147542,5,0.1024932304861683,0
BUS_00053,7,5,0.11904761904761904,16,329,2,4,5,33,0,1.0769230769230769,5,0.10848868167460828,1
BUS_00054,7,10,0.20408163265306123,12,360,3,4,5,43,0,1.0425531914893618,5,0.016902968728314163,0
BUS_00055,7,12,0.23529411764705882,17,354,3,4,5,43,0,1.0408163265306123,5,0.01055188447223797,0
BUS_00056,7,4,0.07272727272727272,18,357,3,4,5,43,0,1.0185185185185186,4,0.1292890328667758,0
BUS_00057,7,13,0.25,15,369,3,4,5,43,0,1.1555555555555554,5,0.18891077665109543,0
BUS_00058,7,10,0.18518518518518517,15,365,3,4,5,43,0,1.0588235294117647,4,0.011746376089621108,0
BUS_00059,6,4,0.0975609756097561,14,359,2,4,5,33,0,1.1081081081081081,5,0.0002780713882141671,0
BUS_00060,6,11,0.2037037037037037,13,349,2,4,5,33,0,1.0188679245283019,5,0.014430197838522103,0
BUS_00061,7,7,0.1590909090909091,14,342,2,4,5,33,0,1.1891891891891893,5,0.06455691865982453,0
BUS_00062,7,11,0.2558139534883721,10,316,3,4,5,43,0,1.048780487804878,5,0.09842759778331654,0
BUS_00063,7,12,0.2033898305084746,18,353,4,4,5,53,0,1.0350877192982457,5,0.15266364505419275,0
BUS_00064,7,13,0.2708333333333333,18,345,4,4,5,53,0,1.0666666666666667,5,0.09789299845388302,0
BUS_00065,6,13,0.3023255813953488,10,332,3,4,5,43,0,1.131578947368421,5,0.01878615169028404,0
BUS_00066,7,11,0.21153846153846154,14,351,3,4,5,43,0,1.0612244897959184,5,0.07050691476100311,0
BUS_00067,7,14,0.27450980392156865,12,351,2,4,5,33,0,1.0408163265306123,5,0.18499059707355145,0
BUS_00068,7,11,0.2037037037037037,11,360,2,4,5,33,0,1.0588235294117647,5,0.009529641803231173,1
BUS_00069,6,9,0.19148936170212766,16,361,3,4,5,43,0,1.119047619047619,4,0.009978881740189346,0
BUS_00070,7,7,0.14285714285714285,17,357,2,4,5,33,0,1.0888888888888888,5,0.44630398163381835,0
BUS_00071,6,11,0.19298245614035087,17,358,4,4,5,53,0,1.0363636363636364,5,0.10572755925184223,0
BUS_00072,7,5,0.11627906976744186,14,356,3,4,5,43,0,1.048780487804878,5,0.30946436635838953,0
BUS_00073,7,12,0.34285714285714286,7,340,4,3,5,51,0,1.0606060606060606,5,0.06223938733606384,0
BUS_00074,7,11,0.275,8,359,3,4,5,43,0,1.0256410256410255,4,0.03575700135460504,0
BUS_00075,7,16,0.2711864406779661,19,363,2,4,5,33,0,1.0535714285714286,5,0.009723176622019691,0
BUS_00076,7,14,0.2413793103448276,21,365,4,4,5,53,0,1.0740740740740742,5,0.04260489766710925,0
BUS_00077,7,15,0.2777777777777778,14,343,1,4,5,23,0,1.125,5,0.1511973449223651,0
BUS_00078,6,9,0.16363636363636364,15,351,3,4,5,43,0,1.0576923076923077,5,0.08280996859576255,0
BUS_00079,7,14,0.2978723404255319,11,354,3,4,5,43,0,1.0444444444444445,5,0.11056698149214142,0
BUS_00080,7,9,0.19148936170212766,14,355,3,4,5,43,0,1.0930232558139534,4,0.0267934183194517,0
BUS_00081,6,14,0.2545454545454545,14,344,4,4,5,53,0,1.0185185185185186,4,0.03976543087933916,0
BUS_00082,7,12,0.23076923076923078,14,357,4,4,5,53,0,1.0196078431372548,5,0.0024748743197563487,0
BUS_00083,6,16,0.3404255319148936,19,353,2,4,5,33,0,1.0930232558139534,5,0.03349315386305699,0
BUS_00084,7,10,0.18181818181818182,20,354,2,4,5,33,0,1.0576923076923077,4,0.21133919863862996,0
BUS_00085,7,18,0.3333333333333333,14,362,3,4,5,43,0,1.0384615384615385,5,0.012203003745761953,0
BUS_00086,7,4,0.06896551724137931,17,357,4,4,5,53,0,1.0943396226415094,4,0.016951705847800015,0
BUS_00087,5,17,0.3695652173913043,11,372,3,4,5,43,0,1.0454545454545454,5,0.0033561106521320183,0
BUS_00088,6,12,0.2553191489361702,11,357,3,4,5,43,0,1.0,5,0.0074487923607335135,1
BUS_00089,7,16,0.35555555555555557,9,341,2,4,5,33,0,1.0465116279069768,5,0.005153162816851463,0
BUS_00090,7,11,0.22916666666666666,15,343,2,4,5,33,0,1.0909090909090908,5,0.020652867598700712,0
BUS_00091,7,11,0.2037037037037037,21,358,2,4,5,33,0,1.0384615384615385,5,0.013741079698178024,0
BUS_00092,6,7,0.2,8,360,2,4,5,33,0,1.0294117647058822,4,0.331501339923481,0
BUS_00093,7,19,0.36538461538461536,12,355,4,4,5,53,0,1.0612244897959184,5,0.3399660628557625,0
BUS_00094,7,5,0.1388888888888889,7,339,2,4,5,33,0,1.0285714285714285,5,0.018274598909972108,0
BUS_00095,7,11,0.2037037037037037,13,350,3,4,5,43,0,1.08,4,0.09781452390907067,0
BUS_00096,7,13,0.24528301886792453,12,349,3,4,5,43,0,1.0392156862745099,5,0.02721430412051373,0
BUS_00097,7,9,0.18,13,362,2,4,5,33,0,1.0869565217391304,4,0.04979818594731959,0
BUS_00098,7,15,0.29411764705882354,14,360,4,4,5,53,0,1.0625,5,0.058386034206571916,0
BUS_00099,7,13,0.21666666666666667,16,357,4,4,5,53,0,1.0909090909090908,5,0.03628642196299483,0
BUS_00100,6,9,0.225,12,351,4,4,5,53,0,1.0526315789473684,3,0.2734932961024952,0
BUS_00101,6,8,0.16326530612244897,13,351,4,4,5,53,0,1.0888888888888888,4,0.032216746499967246,0
BUS_00102,7,13,0.24074074074074073,12,365,3,4,5,43,0,1.0384615384615385,4,0.022280277955889962,0
BUS_00103,7,5,0.10638297872340426,12,339,2,4,5,33,0,1.0681818181818181,5,0.07618710491043185,0
BUS_00104,7,14,0.24561403508771928,17,344,3,4,5,43,0,1.0178571428571428,5,0.008070314011383504,0
BUS_00105,7,9,0.16666666666666666,18,358,4,4,5,53,0,1.0588235294117647,5,0.005511412547551302,0
BUS_00106,7,17,0.32075471698113206,12,347,3,4,5,43,0,1.1041666666666667,5,0.16842489408151515,0
BUS_00107,7,15,0.28846153846153844,16,346,3,4,5,43,0,1.04,5,0.018442561591886758,0
BUS_00108,7,23,0.40350877192982454,17,352,3,4,5,43,0,1.0754716981132075,5,0.04331202460068331,0
BUS_00109,7,5,0.12195121951219512,11,363,3,4,5,43,0,1.0512820512820513,5,3.4762391855743164,1
BUS_00110,7,19,0.2753623188405797,24,353,3,4,5,43,0,1.0454545454545454,3,0.12444649869173721,0
BUS_00111,7,13,0.21311475409836064,21,354,3,4,5,43,0,1.0701754385964912,5,0.19027937135091622,0
BUS_00112,7,12,0.27906976744186046,15,357,2,4,5,33,0,1.0238095238095237,5,0.02558548921726281,1
BUS_00113,6,15,0.3191489361702128,13,321,2,4,5,33,0,1.0444444444444445,5,0.015314348333447417,0
BUS_00114,7,18,0.2608695652173913,17,368,3,4,5,43,0,1.0147058823529411,5,0.06349188979948733,0
BUS_00115,7,16,0.24615384615384617,26,354,4,4,5,53,0,1.1403508771929824,5,0.14475882639826498,0
BUS_00116,6,12,0.20689655172413793,19,364,4,4,5,53,0,1.1153846153846154,5,0.037013550344694245,0
BUS_00117,7,11,0.22448979591836735,19,358,2,4,5,33,0,1.0425531914893618,5,0.4328060600871128,0
BUS_00118,7,13,0.29545454545454547,14,362,3,4,5,43,0,1.0232558139534884,5,0.2835313399769089,0
BUS_00119,7,12,0.26666666666666666,13,355,3,4,4,42,0,1.0714285714285714,5,0.06749329534634704,0
BUS_00120,6,10,0.21739130434782608,10,342,3,4,5,43,0,1.069767441860465,5,0.37014844602469915,0
BUS_00121,7,10,0.24390243902439024,11,353,3,4,5,43,0,1.025,4,0.016153142307529234,0
BUS_00122,7,11,0.18032786885245902,19,346,3,4,5,43,0,1.0701754385964912,5,0.017201990535214276,0
BUS_00123,7,14,0.25,21,363,3,4,5,43,0,1.0980392156862746,5,0.2978117097007759,0
BUS_00124,7,13,0.22033898305084745,9,323,2,4,5,33,0,1.18,4,2.2495457600590174,1
BUS_00125,7,8,0.16,14,361,3,4,5,43,0,1.1363636363636365,4,0.18812355932743435,0
BUS_00126,6,9,0.21428571428571427,11,366,2,4,5,33,0,1.024390243902439,5,0.031198356109700023,0
BUS_00127,6,22,0.39285714285714285,17,359,3,4,5,43,0,1.0769230769230769,5,0.055979657713899296,0
BUS_00128,6,15,0.2631578947368421,17,362,3,4,5,43,0,1.0178571428571428,5,0.22899200425318525,0
BUS_00129,7,14,0.23728813559322035,18,359,1,4,5,23,0,1.0727272727272728,5,0.12375579325773736,0
BUS_00130,7,11,0.21153846153846154,12,331,3,4,5,43,0,1.0833333333333333,5,0.9197341883725684,0
BUS_00131,7,19,0.2878787878787879,22,358,3,4,5,43,0,1.1785714285714286,5,0.06964466508221061,1
BUS_00132,7,8,0.15384615384615385,13,357,3,4,5,43,0,1.04,4,0.07529531916849397,0
BUS_00133,6,16,0.3076923076923077,11,354,3,4,5,43,0,1.04,5,0.2873148164230157,0
BUS_00134,7,10,0.23809523809523808,10,355,3,4,5,43,0,1.05,5,0.016152766842623706,0
BUS_00135,7,17,0.265625,17,365,2,4,5,33,0,1.1428571428571428,5,4.780885573794918,0
BUS_00136,7,14,0.2413793103448276,16,358,4,4,5,53,0,1.0740740740740742,5,0.45539006911157787,0
BUS_00137,7,12,0.3,11,358,3,4,5,43,0,1.0526315789473684,5,0.2530757865902064,0
BUS_00138,5,5,0.11904761904761904,12,350,2,4,5,33,0,1.105263157894737,5,0.020671211453505676,1
BUS_00139,7,14,0.2857142857142857,12,360,4,4,5,53,0,1.0888888888888888,4,0.10295892115413403,0
BUS_00140,7,16,0.2711864406779661,18,366,3,4,5,43,0,1.0535714285714286,5,0.007395799727853568,0
BUS_00141,7,10,0.23255813953488372,10,344,3,4,5,43,0,1.048780487804878,4,0.003780317696780199,0
BUS_00142,7,20,0.37037037037037035,17,367,3,4,5,43,0,1.0588235294117647,5,0.009457886953618561,0
BUS_00143,7,13,0.24074074074074073,17,357,3,4,5,43,0,1.0588235294117647,4,0.5881181992736774,0
BUS_00144,7,13,0.2549019607843137,15,344,2,4,5,33,0,1.0625,5,0.02776136646917057,0
BUS_00145,6,11,0.1896551724137931,13,357,3,4,5,43,0,1.0545454545454545,5,1.3663938028807359,0
BUS_00146,6,14,0.358974358974359,16,322,3,4,5,43,0,1.0833333333333333,5,0.13205528354738855,0
BUS_00147,7,13,0.22413793103448276,16,348,2,4,5,33,0,1.0943396226415094,5,0.007994784652081123,0
BUS_00148,7,8,0.17391304347826086,17,369,3,4,5,43,0,1.0952380952380953,5,0.008634451246945937,0
BUS_00149,7,12,0.20689655172413793,18,349,2,4,5,33,0,1.0943396226415094,5,0.29351134963264464,0
BUS_00150,7,11,0.24444444444444444,16,363,2,4,5,33,0,1.0975609756097562,5,0.04766966240677811,0
BUS_00151,7,12,0.21428571428571427,14,350,4,4,5,53,0,1.1428571428571428,5,0.012491394623364625,0
BUS_00152,7,11,0.2037037037037037,13,361,3,4,5,43,0,1.0188679245283019,5,0.0041890940188238765,0
BUS_00153,7,9,0.1956521739130435,20,361,2,4,5,33,0,1.0952380952380953,5,0.03901955008676689,0
BUS_00154,7,23,0.40350877192982454,23,351,3,4,5,43,0,1.0555555555555556,4,0.08733163200902354,0
BUS_00155,6,14,0.2857142857142857,19,350,4,4,5,53,0,1.0208333333333333,5,0.47643864622028254,0
BUS_00156,7,8,0.17777777777777778,12,362,1,4,5,23,0,1.0227272727272727,5,0.006316133911444986,0
BUS_00157,7,13,0.2,15,361,2,4,5,33,0,1.1016949152542372,4,0.014809028000429748,0
BUS_00158,7,10,0.2,18,340,2,4,5,33,0,1.0869565217391304,5,0.003659323854623766,0
BUS_00159,7,11,0.21568627450980393,17,361,3,4,5,43,0,1.0408163265306123,5,0.12084861193660668,0
BUS_00160,7,10,0.22727272727272727,16,341,3,4,5,43,0,1.0731707317073171,5,0.2083597300055565,0
BUS_00161,7,21,0.30434782608695654,19,361,3,4,5,43,0,1.0952380952380953,5,0.6030758321551862,0
BUS_00162,7,15,0.25,13,351,4,4,5,53,0,1.0526315789473684,5,0.07403543235673216,0
BUS_00163,7,11,0.20754716981132076,12,343,4,4,5,53,0,1.0192307692307692,5,0.0031747732446636466,0
BUS_00164,7,12,0.24489795918367346,15,354,4,4,5,53,0,1.1395348837209303,5,0.0019588115015129093,0
BUS_00165,7,19,0.3877551020408163,11,364,3,4,5,43,0,1.0888888888888888,4,0.7524273759328316,0
BUS_00166,7,12,0.3076923076923077,9,350,3,4,5,43,0,1.054054054054054,5,0.08303971180444761,0
BUS_00167,7,11,0.21153846153846154,9,362,3,4,5,43,0,1.1304347826086956,5,0.0032266411725125404,0
BUS_00168,7,11,0.25,14,347,3,4,5,43,0,1.0476190476190477,5,0.011230073917710911,0
BUS_00169,7,10,0.2,19,340,4,4,5,53,0,1.0869565217391304,5,0.4254002702674703,0
BUS_00170,6,13,0.22413793103448276,24,357,4,4,5,53,0,1.0740740740740742,5,0.062362948678949294,0
BUS_00171,7,12,0.23076923076923078,13,364,4,4,5,53,0,1.0612244897959184,5,0.12211362338323525,0
BUS_00172,6,13,0.23214285714285715,12,348,3,4,5,43,0,1.0980392156862746,5,0.06175724206325699,0
BUS_00173,5,8,0.1702127659574468,13,361,4,4,5,53,0,1.0217391304347827,5,0.20658452730705382,0
BUS_00174,7,15,0.3125,8,355,4,4,5,53,0,1.0666666666666667,5,0.023837078934779005,0
BUS_00175,7,20,0.30303030303030304,17,362,3,4,5,43,0,1.1,5,0.17049469508946058,0
BUS_00176,7,10,0.20833333333333334,13,336,3,4,5,43,0,1.0434782608695652,5,0.00825687498768429,1
BUS_00177,7,11,0.1896551724137931,19,315,4,4,5,53,0,1.1153846153846154,5,0.3871856189967203,0
BUS_00178,7,13,0.3170731707317073,13,336,4,4,5,53,0,1.025,5,0.15409967467141925,0
BUS_00179,7,17,0.3148148148148148,22,360,3,4,5,43,0,1.0384615384615385,5,0.16257101515963981,0
BUS_00180,7,10,0.18181818181818182,14,365,3,4,5,43,0,1.0784313725490196,5,0.0021255097116903497,0
BUS_00181,7,13,0.29545454545454547,14,340,2,4,5,33,0,1.0,5,0.002169766950237326,0
BUS_00182,6,11,0.21153846153846154,20,352,3,4,5,43,0,1.1304347826086956,5,0.05210779959286051,0
BUS_00183,5,7,0.1794871794871795,9,328,4,4,5,53,0,1.054054054054054,5,0.018260257853123168,0
BUS_00184,7,16,0.24615384615384617,17,364,4,4,5,53,0,1.0833333333333333,5,0.05325150100958588,1
BUS_00185,7,12,0.2857142857142857,11,342,2,4,5,33,0,1.105263157894737,5,0.1504069987247018,0
BUS_00186,7,6,0.1276595744680851,14,349,3,4,5,43,0,1.0217391304347827,5,0.030452262392616836,0
BUS_00187,6,15,0.3191489361702128,13,346,4,4,5,53,0,1.119047619047619,5,0.2553654039679364,0
BUS_00188,7,16,0.3333333333333333,15,352,2,4,5,33,0,1.0666666666666667,5,0.05882340339280591,1
BUS_00189,7,15,0.29411764705882354,15,362,4,4,5,53,0,1.0625,5,0.055230466005895776,0
BUS_00190,6,5,0.13157894736842105,11,340,4,4,5,53,0,1.0555555555555556,5,0.052344995359976276,0
BUS_00191,7,12,0.2608695652173913,13,349,2,4,5,33,0,1.069767441860465,5,0.11825914628200417,1
BUS_00192,6,11,0.2682926829268293,13,348,3,4,5,43,0,1.0512820512820513,5,0.04679319608006714,1
BUS_00193,7,11,0.2037037037037037,16,348,4,4,5,53,0,1.0188679245283019,5,4.233492176010783,0
BUS_00194,7,5,0.1282051282051282,12,351,2,4,5,33,0,1.0,5,0.03457237808678312,1
BUS_00195,5,8,0.16,12,326,3,4,5,43,0,1.1111111111111112,4,0.0038291683893437083,0
BUS_00196,7,18,0.32142857142857145,16,342,3,4,5,43,0,1.0980392156862746,5,0.09906895005339575,0
BUS_00197,6,9,0.17307692307692307,12,354,4,4,5,53,0,1.1063829787234043,5,0.39223917985378093,0
BUS_00198,7,16,0.3137254901960784,14,364,4,4,5,53,0,1.0408163265306123,4,0.18366840900558976,0
BUS_00199,7,9,0.225,14,357,2,4,5,33,0,1.0256410256410255,4,0.05934440810351784,0
IND_00000,7,17,0.2833333333333333,14,369,4,4,5,53,0,1.0344827586206897,5,0.4750950113561404,0
IND_00001,7,16,0.25806451612903225,18,354,2,4,5,33,0,1.1481481481481481,5,1.1690460177768083,0
IND_00002,7,16,0.3076923076923077,11,360,4,4,5,53,0,1.04,5,0.43182439572218706,0
IND_00003,5,17,0.3269230769230769,16,356,3,4,5,43,0,1.0833333333333333,5,1.8805345936857056,0
IND_00004,7,11,0.28205128205128205,10,337,3,4,5,43,0,1.0263157894736843,5,0.2611170833887965,0
IND_00005,7,15,0.234375,24,351,4,4,5,53,0,1.1428571428571428,5,0.8498148390955347,0
IND_00006,6,21,0.4117647058823529,16,365,3,4,5,43,0,1.0408163265306123,5,0.761731992872764,0
IND_00007,7,19,0.3220338983050847,18,365,3,4,5,43,0,1.0172413793103448,5,0.611545142165187,0
IND_00008,7,8,0.18604651162790697,15,327,3,4,5,43,0,1.075,5,1.2776071120227477,0
IND_00009,6,6,0.13333333333333333,11,357,3,4,5,43,0,1.0227272727272727,5,0.6361934295878747,0
IND_00010,7,4,0.09090909090909091,14,361,1,4,5,23,0,1.0232558139534884,5,1.405776996105371,0
IND_00011,6,15,0.2777777777777778,16,366,4,4,5,53,0,1.0588235294117647,4,0.8761056614208136,0
IND_00012,7,18,0.3050847457627119,17,358,3,4,5,43,0,1.0727272727272728,5,0.5066612093358274,1
IND_00013,7,12,0.23529411764705882,18,366,3,4,5,43,0,1.0625,5,0.4547280600449191,0
IND_00014,7,9,0.23684210526315788,11,352,4,4,5,53,0,1.0857142857142856,5,0.24202420837806485,0
IND_00015,6,10,0.20408163265306123,17,369,3,4,5,43,0,1.0425531914893618,4,0.2604615694463098,0
IND_00016,6,17,0.288135593220339,14,344,3,4,5,43,0,1.0925925925925926,5,2.4406975343204347,0
IND_00017,7,18,0.3157894736842105,14,362,2,4,5,33,0,1.0754716981132075,4,0.2385465933252576,0
IND_00018,7,12,0.2033898305084746,16,346,3,4,5,43,0,1.1132075471698113,5,0.587946178010887,0
IND_00019,7,8,0.18604651162790697,10,356,4,4,5,53,0,1.048780487804878,5,0.4822049201230706,0
IND_00020,7,9,0.1875,15,359,3,4,5,43,0,1.0212765957446808,5,0.46479888041006157,0
IND_00021,7,4,0.10256410256410256,7,345,2,4,5,33,0,1.0263157894736843,4,0.6066050288189129,0
IND_00022,7,18,0.34615384615384615,13,356,3,4,5,43,0,1.0196078431372548,5,0.42289894419984747,0
IND_00023,7,15,0.30612244897959184,7,332,4,4,5,53,0,1.0,5,0.7546169705676772,0
IND_00024,7,18,0.2903225806451613,16,354,4,4,5,53,0,1.0689655172413792,4,1.0540369405920462,0
IND_00025,7,11,0.24444444444444444,20,354,3,4,5,43,0,1.0714285714285714,5,1.359421850802784,0
IND_00026,7,16,0.2807017543859649,14,368,4,4,5,53,0,1.0555555555555556,5,0.18343790157999806,0
IND_00027,7,18,0.33962264150943394,19,357,2,4,5,33,0,1.1041666666666667,5,0.746144580534503,0
IND_00028,6,15,0.3409090909090909,14,349,2,4,5,33,0,1.0476190476190477,5,0.29141297632327817,0
IND_00029,7,16,0.3137254901960784,11,359,2,4,5,33,0,1.02,5,0.1966902676728074,1
IND_00030,7,12,0.27906976744186046,12,329,3,4,5,43,0,1.0238095238095237,4,2.1349912175156995,0
IND_00031,7,10,0.22727272727272727,7,362,3,4,5,43,0,1.1282051282051282,5,0.23869379350886194,0
IND_00032,6,8,0.23529411764705882,13,354,2,4,5,33,0,1.0,4,0.3909784070143644,0
IND_00033,6,13,0.325,13,352,4,4,5,53,0,1.0526315789473684,5,0.18126645836855357,0
IND_00034,7,12,0.23529411764705882,17,364,2,4,5,33,0,1.0851063829787233,5,2.1723143541128103,1
IND_00035,7,12,0.2727272727272727,11,353,3,4,5,43,0,1.0476190476190477,5,3.165932453814545,0
IND_00036,7,12,0.2222222222222222,20,360,3,4,5,43,0,1.0384615384615385,4,0.41927632283479077,0
IND_00037,7,15,0.29411764705882354,12,349,3,4,5,43,0,1.0625,5,0.3635038263990685,1
IND_00038,7,15,0.2830188679245283,13,351,3,4,5,43,0,1.06,5,1.7782729026440622,0
IND_00039,6,12,0.3,12,369,2,4,5,33,0,1.0526315789473684,4,6.228268681653043,0
IND_00040,7,14,0.25925925925925924,17,357,3,4,5,43,0,1.0588235294117647,4,0.8369048673452626,0
IND_00041,6,10,0.20833333333333334,19,350,3,4,5,43,0,1.0909090909090908,4,0.5830458630278523,0
IND_00042,7,12,0.2553191489361702,14,342,3,4,5,43,0,1.0444444444444445,4,0.5883956595118452,0
IND_00043,7,8,0.13559322033898305,11,352,3,4,5,43,0,1.0925925925925926,4,0.40033808440053814,0
IND_00044,6,14,0.3111111111111111,9,346,2,4,5,33,0,1.0227272727272727,5,0.690938423954601,0
IND_00045,7,11,0.22448979591836735,12,362,4,4,5,53,0,1.0,4,0.24701084429738018,0
IND_00046,7,22,0.38596491228070173,23,355,3,4,5,43,0,1.0555555555555556,5,0.6932832669349901,0
IND_00047,6,14,0.2857142857142857,11,330,4,4,5,53,0,1.1136363636363635,5,0.42187382601010837,0
IND_00048,6,10,0.2,17,361,2,4,5,33,0,1.0416666666666667,5,0.7343949246464251,1
IND_00049,7,17,0.288135593220339,18,345,3,4,5,43,0,1.0535714285714286,5,3.6062965875860047,0
IND_00050,7,14,0.25925925925925924,13,355,3,4,5,43,0,1.0588235294117647,5,0.4017140582136377,0
IND_00051,7,14,0.30434782608695654,14,353,3,4,5,43,0,1.069767441860465,5,0.9649197824070748,0
IND_00052,7,8,0.16326530612244897,16,353,3,4,5,43,0,1.1666666666666667,5,0.28562174182424366,0
IND_00053,7,10,0.1724137931034483,17,358,2,4,5,33,0,1.0740740740740742,5,3.687155832780319,0
IND_00054,7,13,0.24528301886792453,14,361,3,4,5,43,0,1.06,5,0.5120887358590464,0
IND_00055,7,13,0.3170731707317073,14,365,2,4,5,33,0,1.025,5,1.177434779509912,0
IND_00056,6,22,0.4230769230769231,12,359,3,4,5,43,0,1.1063829787234043,5,1.5835406818690438,0
IND_00057,6,19,0.3958333333333333,19,349,2,4,5,33,0,1.0666666666666667,5,0.4031976534987852,0
IND_00058,7,12,0.23529411764705882,14,366,4,4,5,53,0,1.108695652173913,5,0.6036463012218485,0
IND_00059,7,6,0.14634146341463414,14,352,3,4,5,43,0,1.0512820512820513,4,0.23557193476510246,0
IND_00060,7,17,0.3269230769230769,14,354,3,4,5,43,0,1.0196078431372548,4,0.26759765030757726,1
IND_00061,7,11,0.24444444444444444,10,361,2,4,5,33,0,1.125,5,1.3344974211339604,0
IND_00062,7,13,0.22807017543859648,13,361,2,4,5,33,0,1.0754716981132075,5,1.93302434360926,0
IND_00063,6,10,0.23809523809523808,11,354,2,4,5,33,0,1.05,5,0.920058891045488,0
IND_00064,5,13,0.2765957446808511,15,363,2,4,5,33,0,1.119047619047619,5,1.9993042841719983,1
IND_00065,7,10,0.29411764705882354,9,356,2,4,5,33,0,1.0303030303030303,5,0.7112969639248253,0
IND_00066,7,9,0.20454545454545456,10,368,3,4,5,43,0,1.0,4,0.723571022220198,1
IND_00067,6,11,0.2558139534883721,12,349,1,4,5,23,0,1.1025641025641026,4,0.2768000191186006,0
IND_00068,7,13,0.24528301886792453,15,369,2,4,5,33,0,1.06,5,1.198486125850609,0
IND_00069,6,7,0.14583333333333334,15,335,3,4,5,43,0,1.0,5,0.5092663755658714,0
IND_00070,7,11,0.19298245614035087,17,371,4,4,5,53,0,1.0754716981132075,5,1.6455670390902755,0
IND_00071,7,11,0.24444444444444444,11,369,2,4,5,33,0,1.0714285714285714,5,6.504172023673452,0
IND_00072,7,14,0.25,10,333,3,4,5,43,0,1.0769230769230769,5,1.3173879926404461,0
IND_00073,7,15,0.28846153846153844,12,364,3,4,5,43,0,1.0612244897959184,4,1.2798932072325166,0
IND_00074,6,11,0.21153846153846154,15,353,4,4,5,53,0,1.0833333333333333,5,0.5763072029343095,0
IND_00075,7,14,0.22580645161290322,14,343,3,4,5,43,0,1.1272727272727272,4,1.1081336928363341,0
IND_00076,7,11,0.20754716981132076,18,362,3,4,5,43,0,1.06,5,0.18193153368727927,0
IND_00077,7,13,0.2653061224489796,16,354,2,4,5,33,0,1.0208333333333333,4,3.01104736134181,1
IND_00078,7,13,0.38235294117647056,7,359,3,3,5,41,0,1.0303030303030303,5,0.7867032694031646,0
IND_00079,7,13,0.28888888888888886,12,319,3,4,5,43,0,1.0,5,0.5000218799814202,0
IND_00080,7,5,0.13157894736842105,10,361,2,4,4,32,0,1.027027027027027,4,0.5450422072662308,0
IND_00081,6,12,0.23076923076923078,20,362,3,4,5,43,0,1.1063829787234043,5,0.8623381500174921,0
IND_00082,6,15,0.30612244897959184,14,357,3,4,5,43,0,1.065217391304348,5,0.42076817626767554,0
IND_00083,7,9,0.16666666666666666,17,364,3,4,5,43,0,1.0588235294117647,5,1.289471291940138,0
IND_00084,5,15,0.3409090909090909,10,353,4,4,5,53,0,1.0232558139534884,5,0.2361027567382964,0
IND_00085,7,9,0.20454545454545456,15,357,2,4,5,33,0,1.1,3,0.4061758510862721,0
IND_00086,7,10,0.2127659574468085,19,359,4,4,5,53,0,1.0930232558139534,5,0.8350668381101027,0
IND_00087,6,9,0.17647058823529413,17,346,3,4,5,43,0,1.02,5,0.16279958481636564,0
IND_00088,7,17,0.34,9,345,3,4,5,43,0,1.0638297872340425,5,0.9604312544244629,0
IND_00089,6,13,0.2708333333333333,14,361,3,4,5,43,0,1.0666666666666667,5,2.0711612281823726,0
IND_00090,7,10,0.24390243902439024,7,348,2,3,5,31,0,1.0512820512820513,5,0.47956437610608776,0
IND_00091,6,4,0.0975609756097561,5,350,4,4,5,53,0,1.0512820512820513,5,0.15543405315098655,0
IND_00092,7,15,0.2777777777777778,20,327,4,4,5,53,0,1.1020408163265305,5,1.4993076249938335,0
IND_00093,7,14,0.28,12,355,3,4,5,43,0,1.0638297872340425,5,0.3472381280503194,0
IND_00094,7,9,0.18,13,356,3,4,5,43,0,1.0869565217391304,5,0.5454917544612377,0
IND_00095,7,13,0.26,6,359,4,4,5,53,0,1.0416666666666667,4,2.298643462136995,0
IND_00096,7,8,0.16,12,353,3,4,5,43,0,1.0416666666666667,4,4.3895758287188045,0
IND_00097,7,17,0.3148148148148148,20,359,4,4,5,53,0,1.08,5,1.1647601672834385,0
IND_00098,7,19,0.3392857142857143,22,363,2,4,5,33,0,1.0980392156862746,5,0.9812321252544587,0
IND_00099,7,9,0.18,13,363,2,4,5,33,0,1.0416666666666667,5,1.8135160987390515,1
IND_00100,7,12,0.2926829268292683,9,342,4,4,5,53,0,1.1081081081081081,3,0.3671583663145048,0
IND_00101,7,15,0.2727272727272727,8,356,3,4,5,43,0,1.0185185185185186,5,2.7498859291587845,0
IND_00102,7,9,0.25,9,344,2,4,5,33,0,1.0,5,0.7432793373590582,0
IND_00103,6,16,0.38095238095238093,16,339,3,4,5,43,0,1.135135135135135,5,0.5159684244054247,0
IND_00104,5,14,0.30434782608695654,9,354,4,4,5,53,0,1.0,5,0.9828265576478621,0
IND_00105,7,5,0.10416666666666667,9,364,3,4,5,43,0,1.0909090909090908,4,0.12666843636414923,0
IND_00106,7,11,0.19298245614035087,18,365,3,4,5,43,0,1.0961538461538463,5,2.7824647590888816,0
IND_00107,7,10,0.20408163265306123,13,357,3,4,5,43,0,1.1136363636363635,5,0.650436236767968,0
IND_00108,6,12,0.18461538461538463,20,339,4,4,5,53,0,1.0655737704918034,4,0.889433517615401,0
IND_00109,6,14,0.358974358974359,14,355,2,4,5,33,0,1.054054054054054,5,0.6622177627356322,0
IND_00110,7,11,0.19298245614035087,15,330,3,4,5,43,0,1.1176470588235294,4,3.5753766304338868,0
IND_00111,7,15,0.2830188679245283,16,359,3,4,5,43,0,1.1521739130434783,5,2.320032607933902,0
IND_00112,6,14,0.22950819672131148,19,363,4,4,5,53,0,1.0338983050847457,5,0.736361749172698,0
IND_00113,7,18,0.35294117647058826,15,349,4,4,5,53,0,1.0625,5,0.39865448873898046,0
IND_00114,6,11,0.2972972972972973,9,353,2,4,5,33,0,1.0277777777777777,4,0.6815039241136815,0
IND_00115,7,10,0.18181818181818182,16,356,3,4,5,43,0,1.1956521739130435,5,0.6951272259869082,0
IND_00116,6,15,0.3333333333333333,12,355,2,4,5,33,0,1.0227272727272727,3,0.4506802711844506,0
IND_00117,6,13,0.22033898305084745,22,359,3,4,5,43,0,1.0727272727272728,5,0.3498436824973231,0
IND_00118,7,11,0.24444444444444444,10,311,4,4,5,53,0,1.0975609756097562,5,0.4537882971680836,0
IND_00119,6,12,0.26666666666666666,14,359,3,4,4,42,0,1.125,5,1.6136513789520122,0
IND_00120,6,16,0.32653061224489793,17,344,3,4,5,43,0,1.065217391304348,5,0.5335605664738821,0
IND_00121,7,6,0.15384615384615385,14,365,3,4,5,43,0,1.0263157894736843,5,0.44373898060921324,0
IND_00122,7,17,0.32075471698113206,12,342,4,4,5,53,0,1.0816326530612246,5,0.8301973825216564,0
IND_00123,6,18,0.33962264150943394,18,367,3,4,5,43,0,1.0816326530612246,4,0.5266171823943154,0
IND_00124,7,10,0.23255813953488372,9,369,2,4,5,33,0,1.0,4,1.0350490772981993,0
IND_00125,6,8,0.14035087719298245,15,363,3,4,5,43,0,1.0754716981132075,5,0.3611531880818842,0
IND_00126,7,13,0.2653061224489796,19,351,3,4,5,43,0,1.065217391304348,5,0.4004934084166897,0
IND_00127,6,12,0.2926829268292683,9,343,2,4,5,33,0,1.0512820512820513,5,0.3716315179823842,1
IND_00128,6,15,0.3,16,336,3,4,5,43,0,1.0416666666666667,5,0.6581330495319414,0
IND_00129,6,10,0.2127659574468085,18,343,4,4,5,53,0,1.0681818181818181,5,0.5849302621494946,0
IND_00130,6,12,0.2222222222222222,11,347,2,4,5,33,0,1.1020408163265305,5,1.3720007836513846,0
IND_00131,7,17,0.3148148148148148,18,361,3,4,5,43,0,1.173913043478261,5,1.5826811526890308,0
IND_00132,6,10,0.2,15,364,3,4,5,43,0,1.0204081632653061,5,0.24094654730670426,1
IND_00133,7,13,0.28888888888888886,13,351,4,4,5,53,0,1.0465116279069768,5,1.1372969787968426,0
IND_00134,7,14,0.23728813559322035,17,363,2,4,5,33,0,1.0535714285714286,4,1.0128295414728719,1
IND_00135,7,13,0.28888888888888886,11,358,3,4,5,43,0,1.0465116279069768,5,0.6454726980694672,1
IND_00136,6,15,0.32608695652173914,9,361,2,4,5,33,0,1.0952380952380953,4,0.3653265057029713,0
IND_00137,7,18,0.33962264150943394,16,348,3,4,5,43,0,1.0392156862745099,5,1.9024485155840898,0
IND_00138,7,9,0.20930232558139536,15,355,1,4,4,22,0,1.1944444444444444,5,1.4704763029357772,0
IND_00139,7,12,0.24,14,350,4,4,5,53,0,1.0204081632653061,5,3.571441621948913,0
IND_00140,7,14,0.2641509433962264,17,371,3,4,5,43,0,1.1041666666666667,5,1.1277676528641458,0
IND_00141,7,9,0.25,11,338,3,3,5,41,0,1.0285714285714285,5,1.3150483481427098,0
IND_00142,6,16,0.34782608695652173,15,358,4,4,5,53,0,1.0454545454545454,5,1.8368281302895535,0
IND_00143,6,11,0.22448979591836735,9,357,4,4,5,53,0,1.0208333333333333,4,0.29365074312068756,0
IND_00144,7,16,0.3018867924528302,16,351,3,4,5,43,0,1.0392156862745099,5,0.16616229071819577,0
IND_00145,6,9,0.17647058823529413,15,356,3,4,5,43,0,1.0851063829787233,5,0.7135791811354751,0
IND_00146,5,13,0.22413793103448276,18,360,3,4,5,43,0,1.0943396226415094,5,2.3579929499517718,0
IND_00147,6,17,0.3469387755102041,15,349,4,4,5,53,0,1.1666666666666667,5,0.3177173016279095,0
IND_00148,7,17,0.26153846153846155,21,367,2,4,5,33,0,1.0483870967741935,5,0.3651175080947058,0
IND_00149,6,10,0.2631578947368421,8,339,3,4,5,43,0,1.0,5,0.6933597185159963,0
IND_00150,7,10,0.22727272727272727,8,336,2,4,5,33,0,1.1282051282051282,5,0.35147192904931623,0
IND_00151,6,18,0.3103448275862069,19,350,4,4,5,53,0,1.1372549019607843,4,0.5848177453465191,0
IND_00152,7,14,0.3181818181818182,7,364,3,4,5,43,0,1.0476190476190477,5,0.6433396805185555,0
IND_00153,7,10,0.1724137931034483,19,362,3,4,5,43,0,1.0740740740740742,5,0.38135887735957025,0
IND_00154,7,11,0.25,9,353,2,4,5,33,0,1.1,5,0.3691161234999847,0
IND_00155,7,12,0.21818181818181817,17,346,4,4,5,53,0,1.0377358490566038,5,0.8553387970118059,0
IND_00156,6,10,0.22727272727272727,13,356,3,4,5,43,0,1.0232558139534884,5,1.705832644851201,0
IND_00157,6,10,0.25,13,363,1,4,5,23,0,1.0526315789473684,4,0.21468784476059524,0
IND_00158,7,12,0.2553191489361702,11,358,2,4,5,33,0,1.0217391304347827,5,0.8872651351282602,0
IND_00159,7,13,0.2708333333333333,21,343,4,4,5,53,0,1.0666666666666667,5,0.9420239637148952,0
IND_00160,7,18,0.26865671641791045,24,353,4,4,5,53,0,1.1166666666666667,5,1.210673820468073,0
IND_00161,7,18,0.3103448275862069,18,365,3,4,5,43,0,1.0545454545454545,5,0.30723193972471663,0
IND_00162,7,13,0.24528301886792453,11,336,3,4,5,43,0,1.0392156862745099,5,0.07404385368002764,0
IND_00163,7,8,0.1702127659574468,17,339,3,4,5,43,0,1.0,4,1.2379330496262462,0
IND_00164,7,15,0.2777777777777778,17,355,4,4,5,53,0,1.148936170212766,4,1.9268340190872884,0
IND_00165,6,9,0.16666666666666666,13,354,3,4,5,43,0,1.0588235294117647,5,0.3062339423026359,1
IND_00166,7,13,0.26,15,371,1,4,5,23,0,1.0204081632653061,5,0.8715465967435558,0
IND_00167,7,12,0.24489795918367346,11,345,3,4,5,43,0,1.1136363636363635,5,1.5279759547390372,0
IND_00168,7,8,0.22857142857142856,10,311,2,4,5,33,0,1.0294117647058822,5,0.5983830700566524,0
IND_00169,7,19,0.31666666666666665,19,362,1,4,5,23,0,1.1111111111111112,5,0.48260871939391436,0
IND_00170,6,15,0.25862068965517243,13,349,3,4,5,43,0,1.0545454545454545,4,0.2813602635801231,0
IND_00171,7,11,0.1896551724137931,25,371,3,4,5,43,0,1.0943396226415094,4,0.2604602380462296,0
IND_00172,7,9,0.17647058823529413,8,348,3,4,5,43,0,1.02,5,0.8599357152206211,0
IND_00173,6,13,0.2826086956521739,8,365,3,4,5,43,0,1.0222222222222221,5,0.32477716718426297,0
IND_00174,6,13,0.203125,17,351,2,4,5,33,0,1.0666666666666667,5,1.5967143919955806,0
IND_00175,7,6,0.15,13,343,3,4,5,43,0,1.0810810810810811,5,0.16685072693126443,0
IND_00176,7,8,0.14814814814814814,14,338,4,4,5,53,0,1.08,5,0.597295430641054,0
IND_00177,6,7,0.125,13,348,3,4,5,43,0,1.0769230769230769,5,1.5813399719853094,0
IND_00178,7,11,0.275,10,354,4,4,5,53,0,1.0,5,0.2351746676122805,1
IND_00179,6,12,0.23529411764705882,13,362,3,4,5,43,0,1.0625,5,1.345503727316545,0
IND_00180,7,15,0.2830188679245283,9,358,3,4,5,43,0,1.0816326530612246,4,0.684086149236123,0
IND_00181,7,10,0.20833333333333334,22,360,3,4,5,43,0,1.0434782608695652,5,1.5163792320917655,0
IND_00182,7,15,0.23809523809523808,16,357,4,4,5,53,0,1.0862068965517242,5,0.17589485532463664,0
IND_00183,7,13,0.2549019607843137,16,365,3,4,5,43,0,1.0408163265306123,5,2.565335423136296,0
IND_00184,6,12,0.23076923076923078,14,344,3,4,5,43,0,1.0833333333333333,5,0.8235768592589736,0
IND_00185,6,9,0.23684210526315788,10,300,3,4,5,43,0,1.0857142857142856,5,0.8345426087524799,0
IND_00186,7,11,0.23404255319148937,19,363,2,4,5,33,0,1.0930232558139534,5,0.4611841939546824,0
IND_00187,7,10,0.21739130434782608,15,353,3,4,5,43,0,1.0952380952380953,5,1.7362951324838554,0
IND_00188,7,12,0.24,17,357,2,4,5,33,0,1.0416666666666667,5,2.131889390787861,0
IND_00189,7,5,0.10638297872340426,7,358,4,4,5,53,0,1.0930232558139534,5,0.5045617131219633,0
IND_00190,7,9,0.17647058823529413,9,366,4,4,5,53,0,1.0851063829787233,5,1.2033124843624243,1
IND_00191,6,13,0.23214285714285715,22,371,4,4,5,53,0,1.0769230769230769,5,1.9403672766923332,0
IND_00192,6,10,0.21739130434782608,14,348,2,4,5,33,0,1.1219512195121952,5,0.7415957114909114,0
IND_00193,7,10,0.2702702702702703,8,352,3,4,5,43,0,1.0277777777777777,3,2.2347686588576527,0
IND_00194,7,18,0.2857142857142857,20,357,4,4,5,53,0,1.0161290322580645,5,2.3965177617081403,0
IND_00195,7,8,0.1951219512195122,15,361,2,4,5,33,0,1.0789473684210527,5,0.5954247857957097,0
IND_00196,7,16,0.41025641025641024,14,346,2,4,5,33,0,1.054054054054054,5,4.299671406386575,0
IND_00197,7,17,0.3541666666666667,16,335,4,4,5,53,0,1.1428571428571428,4,0.9712704500959215,0
IND_00198,7,9,0.1875,8,327,4,4,5,53,0,1.0909090909090908,5,0.4329770143494899,0
IND_00199,7,11,0.23404255319148937,16,341,3,4,5,43,0,1.0930232558139534,5,0.4642854984368906,0
IND_00200,7,14,0.25,18,358,4,4,5,53,0,1.0769230769230769,4,0.4742680566659159,0
IND_00201,7,14,0.2641509433962264,14,358,4,4,5,53,0,1.1777777777777778,5,0.7358043059243623,0
IND_00202,7,11,0.22448979591836735,12,351,3,4,5,43,0,1.1395348837209303,4,1.6711818546960484,0
IND_00203,7,8,0.18604651162790697,11,340,3,4,4,42,0,1.075,5,0.6479408370096292,0
IND_00204,6,17,0.38636363636363635,14,343,3,4,5,43,0,1.0476190476190477,5,2.191154604814689,0
IND_00205,7,10,0.19607843137254902,11,364,2,4,5,33,0,1.0851063829787233,4,0.34118534425173125,0
IND_00206,7,10,0.15873015873015872,20,353,3,4,5,43,0,1.05,5,0.739992826208497,0
IND_00207,6,12,0.2553191489361702,15,340,4,4,5,53,0,1.0444444444444445,5,0.3082081189952854,0
IND_00208,7,17,0.3269230769230769,12,359,3,4,5,43,0,1.0612244897959184,4,1.6322391327475982,0
IND_00209,7,8,0.16666666666666666,15,361,3,4,5,43,0,1.0434782608695652,5,0.9192661888376604,0
IND_00210,5,8,0.18604651162790697,16,346,2,4,5,33,0,1.131578947368421,5,0.1935906397257885,1
IND_00211,7,11,0.22916666666666666,20,358,4,4,5,53,0,1.0909090909090908,5,0.16326999499705788,0
IND_00212,7,11,0.2,13,360,4,4,5,53,0,1.0,5,4.576869400734637,0
IND_00213,6,15,0.25862068965517243,16,346,4,4,5,53,0,1.0740740740740742,5,0.9752616992924652,0
IND_00214,7,11,0.2,21,341,4,4,5,53,0,1.0576923076923077,5,1.054050630029362,0
IND_00215,7,15,0.2542372881355932,18,350,3,4,5,43,0,1.0727272727272728,5,0.5297556716074765,0
IND_00216,7,16,0.27586206896551724,9,370,4,4,5,53,0,1.1153846153846154,5,0.3485252026744691,0
IND_00217,6,15,0.2777777777777778,17,359,3,4,5,43,0,1.08,5,0.2723346487340682,0
IND_00218,7,22,0.3793103448275862,22,366,2,4,5,33,0,1.0545454545454545,5,0.7953473189303614,0
IND_00219,7,6,0.1276595744680851,17,335,3,4,5,43,0,1.0444444444444445,4,0.30158936412448967,0
IND_00220,7,10,0.2127659574468085,11,330,3,4,5,43,0,1.0681818181818181,5,0.894411393848204,0
IND_00221,6,13,0.21666666666666667,24,358,3,4,5,43,0,1.0714285714285714,5,0.43964725307443453,0
IND_00222,6,11,0.20754716981132076,12,337,4,4,5,53,0,1.06,4,1.137413195095644,0
IND_00223,7,14,0.2641509433962264,15,358,3,4,5,43,0,1.0392156862745099,5,0.32314377899698976,0
IND_00224,7,9,0.14285714285714285,11,356,2,4,5,33,0,1.05,5,1.800815055233584,0
IND_00225,7,11,0.19642857142857142,13,360,3,4,5,43,0,1.018181818181818,5,1.43375182154016,0
IND_00226,7,11,0.2682926829268293,13,355,4,4,5,53,0,1.025,3,0.9674479687311502,0
IND_00227,7,11,0.21568627450980393,19,349,2,4,5,33,0,1.108695652173913,5,0.7188304001819993,0
IND_00228,6,14,0.28,22,359,3,4,5,43,0,1.1111111111111112,5,0.487394482531488,0
IND_00229,6,8,0.1951219512195122,12,312,4,4,5,53,0,1.1081081081081081,5,0.297079796233826,0
IND_00230,6,10,0.17857142857142858,18,357,3,4,5,43,0,1.018181818181818,5,0.5932588421576064,0
IND_00231,7,16,0.34782608695652173,13,357,3,4,4,42,0,1.0952380952380953,5,1.5860085130835604,1
IND_00232,7,19,0.3114754098360656,19,359,4,4,5,53,0,1.0892857142857142,5,0.5682014533662934,0
IND_00233,7,11,0.24444444444444444,13,346,3,4,5,43,0,1.0714285714285714,5,3.9919081976159445,0
IND_00234,7,10,0.18518518518518517,15,356,3,4,5,43,0,1.08,5,0.277855157248077,0
IND_00235,7,17,0.27419354838709675,15,365,3,4,5,43,0,1.1272727272727272,5,2.1445719632836484,0
IND_00236,6,17,0.3333333333333333,17,358,4,4,5,53,0,1.0625,5,0.5834029857175634,0
IND_00237,6,11,0.24444444444444444,12,332,2,4,5,33,0,1.0975609756097562,5,0.4432203555958082,0
IND_00238,7,17,0.3541666666666667,12,360,3,4,5,43,0,1.1162790697674418,5,2.611670368305242,0
IND_00239,7,12,0.24,14,366,2,4,5,33,0,1.0869565217391304,5,0.5619275830202106,0
IND_00240,7,17,0.3541666666666667,12,347,4,4,5,53,0,1.170731707317073,5,0.2098595111921592,0
IND_00241,6,9,0.21951219512195122,7,355,3,4,5,43,0,1.1388888888888888,4,0.23752648640880167,0
IND_00242,7,14,0.25925925925925924,23,358,2,4,5,33,0,1.0384615384615385,5,0.4548037040725915,0
IND_00243,7,4,0.09302325581395349,12,360,1,4,5,23,0,1.0,5,0.15697949627337476,0
IND_00244,6,9,0.1836734693877551,8,359,3,4,5,43,0,1.1395348837209303,4,0.4391638354894418,0
IND_00245,6,13,0.2765957446808511,17,343,3,4,5,43,0,1.0681818181818181,5,0.4400061328741038,0
IND_00246,7,17,0.2833333333333333,18,332,3,4,5,43,0,1.1538461538461537,5,0.5993720974580842,0
IND_00247,6,6,0.13333333333333333,12,358,3,4,5,43,0,1.0714285714285714,4,0.4448838411301495,0
IND_00248,6,10,0.29411764705882354,9,354,1,4,5,23,0,1.0,5,0.08873554754929261,0
IND_00249,6,15,0.3191489361702128,15,350,2,4,5,33,0,1.0930232558139534,5,0.55923940986853,1
IND_00250,7,10,0.23255813953488372,11,339,3,4,5,43,0,1.0238095238095237,5,0.9196709729910526,1
IND_00251,6,12,0.2553191489361702,20,344,4,4,5,53,0,1.0930232558139534,4,1.5609062397953901,0
IND_00252,7,13,0.2708333333333333,16,345,4,4,5,53,0,1.0434782608695652,5,1.2309976555397961,0
IND_00253,7,14,0.2692307692307692,19,347,3,4,5,43,0,1.0833333333333333,4,1.0199906561531038,0
IND_00254,7,15,0.38461538461538464,8,365,3,4,4,42,0,1.0833333333333333,5,0.23539348523141546,0
IND_00255,7,10,0.16666666666666666,16,351,4,4,5,53,0,1.1538461538461537,5,0.9645298589982284,0
IND_00256,7,10,0.20408163265306123,15,344,3,4,5,43,0,1.065217391304348,5,0.8559584503627892,0
IND_00257,6,10,0.20408163265306123,13,346,3,4,5,43,0,1.0208333333333333,5,0.6921479006260712,0
IND_00258,6,9,0.20930232558139536,17,350,4,4,5,53,0,1.048780487804878,5,0.7561884684833308,0
IND_00259,7,15,0.29411764705882354,23,341,4,4,5,53,0,1.0851063829787233,5,2.3961407006019173,0
IND_00260,7,11,0.2682926829268293,13,340,2,4,5,33,0,1.1388888888888888,5,0.2659774106820007,0
IND_00261,6,11,0.2558139534883721,13,348,3,4,5,43,0,1.0238095238095237,5,1.6429231323714395,0
IND_00262,7,12,0.21818181818181817,17,356,3,4,5,43,0,1.1,4,0.5659869649452791,0
IND_00263,7,14,0.2545454545454545,19,365,3,4,5,43,0,1.1,5,0.36487849469585004,0
IND_00264,7,9,0.18,18,343,3,4,5,43,0,1.0638297872340425,5,0.6511443696324986,0
IND_00265,6,11,0.22916666666666666,11,352,4,4,5,53,0,1.1428571428571428,5,0.07413223698136782,0
IND_00266,7,13,0.25,14,363,4,4,5,53,0,1.0833333333333333,4,0.5001155673636098,0
IND_00267,7,21,0.3620689655172414,8,352,3,4,5,43,0,1.1153846153846154,5,0.6876293154151273,0
IND_00268,7,10,0.23255813953488372,9,357,3,4,5,43,0,1.0,5,0.4279092002686984,0
IND_00269,7,16,0.3076923076923077,13,361,3,4,5,43,0,1.1555555555555554,5,1.0590568638680258,0
IND_00270,7,13,0.3333333333333333,9,358,2,4,4,32,0,1.0,3,0.6114896343962574,0
IND_00271,6,11,0.22448979591836735,11,353,1,4,5,23,0,1.0425531914893618,5,4.060489411202648,0
IND_00272,7,22,0.36666666666666664,11,372,4,4,5,53,0,1.0344827586206897,5,0.375102901063058,1
IND_00273,7,9,0.1956521739130435,11,362,3,4,5,43,0,1.0222222222222221,5,0.942837223560302,1
IND_00274,7,15,0.3,14,345,4,4,5,53,0,1.0638297872340425,5,2.8197605712533886,0
IND_00275,7,9,0.18,16,368,4,4,5,53,0,1.0638297872340425,5,0.2959395499448845,0
IND_00276,7,17,0.27419354838709675,21,363,4,4,5,53,0,1.1071428571428572,5,0.8052159667690377,1
IND_00277,7,9,0.13846153846153847,18,352,2,4,5,33,0,1.0833333333333333,5,0.5570843271741414,0
IND_00278,7,9,0.16666666666666666,14,366,2,4,5,33,0,1.1020408163265305,4,0.33771784091509016,0
IND_00279,7,13,0.25,15,351,4,4,5,53,0,1.0196078431372548,5,0.3537130054866926,0
IND_00280,7,10,0.16666666666666666,22,358,3,4,5,43,0,1.1111111111111112,4,0.858996685641972,0
IND_00281,7,10,0.20833333333333334,14,363,3,4,5,43,0,1.0434782608695652,4,1.1887891077350956,0
IND_00282,7,15,0.2631578947368421,18,360,4,4,5,53,0,1.0754716981132075,5,0.6598631493982693,0
IND_00283,6,19,0.37254901960784315,17,360,3,4,5,43,0,1.0851063829787233,5,1.7603702113863415,0
IND_00284,7,13,0.23636363636363636,15,354,3,4,5,43,0,1.0784313725490196,5,0.682242869736799,0
IND_00285,5,4,0.09523809523809523,13,363,3,4,5,43,0,1.0,4,0.41353845559093727,0
IND_00286,7,8,0.14285714285714285,18,365,4,4,5,53,0,1.037037037037037,5,5.688994223063673,0
IND_00287,7,13,0.23636363636363636,6,361,4,4,5,53,0,1.1,5,0.41828697796097986,0
IND_00288,7,12,0.16901408450704225,23,365,4,4,5,53,0,1.1639344262295082,4,0.825620307352119,0
IND_00289,5,7,0.17073170731707318,11,357,2,4,5,33,0,1.0512820512820513,4,0.6052349827088596,0
IND_00290,7,8,0.1509433962264151,14,348,3,4,5,43,0,1.06,5,0.6535729193314603,0
IND_00291,6,7,0.1590909090909091,18,344,2,4,5,33,0,1.0476190476190477,4,0.8046146864335677,1
IND_00292,7,6,0.125,10,340,2,4,5,33,0,1.0434782608695652,5,0.3364345712300988,0
IND_00293,5,12,0.26666666666666666,13,327,3,4,5,43,0,1.0975609756097562,5,0.5327337627214567,0
IND_00294,7,9,0.1836734693877551,14,355,4,4,5,53,0,1.065217391304348,5,0.38742199383781506,0
IND_00295,7,16,0.2962962962962963,16,352,2,4,5,33,0,1.0384615384615385,5,1.1395749789689489,0
IND_00296,5,14,0.4,12,361,2,4,5,33,0,1.0294117647058822,5,0.729300191991996,0
IND_00297,7,14,0.2692307692307692,13,353,2,4,5,33,0,1.0833333333333333,5,0.42827015713448774,0
IND_00298,7,5,0.16129032258064516,6,337,2,4,5,33,0,1.0,5,0.4733131200193903,0
IND_00299,6,11,0.34375,12,334,2,4,5,33,0,1.0666666666666667,5,1.216163915658608,0
IND_00300,7,11,0.21153846153846154,11,371,3,4,5,43,0,1.04,3,0.3285893459520793,0
IND_00301,7,14,0.23333333333333334,15,359,3,4,5,43,0,1.1320754716981132,4,4.651720997851451,0
IND_00302,6,17,0.29310344827586204,19,365,2,4,5,33,0,1.0943396226415094,5,1.1994808715209908,0
IND_00303,7,10,0.2,17,337,4,4,5,53,0,1.0,5,3.1566586798140777,0
IND_00304,7,13,0.22413793103448276,18,358,3,4,5,43,0,1.16,5,0.31698718520729147,0
IND_00305,6,6,0.16666666666666666,12,341,3,4,5,43,0,1.0285714285714285,5,0.5300506275056471,0
IND_00306,7,10,0.18867924528301888,20,349,4,4,5,53,0,1.0192307692307692,4,1.3573149852563773,0
IND_00307,7,16,0.26666666666666666,13,358,3,4,5,43,0,1.0526315789473684,5,1.2389999190404952,0
IND_00308,7,14,0.2545454545454545,19,349,3,4,5,43,0,1.1224489795918366,5,0.2966940153786522,1
IND_00309,7,11,0.21568627450980393,18,360,3,4,5,43,0,1.0625,5,1.014182802174317,0
IND_00310,7,15,0.29411764705882354,19,362,3,4,5,43,0,1.0851063829787233,5,0.7839412465647734,0
IND_00311,7,14,0.2916666666666667,14,338,2,4,5,33,0,1.0909090909090908,4,0.30008333582695357,0
IND_00312,6,13,0.25,12,356,4,4,5,53,0,1.04,4,0.5295402949369707,0
IND_00313,7,13,0.24528301886792453,17,357,4,4,5,53,0,1.127659574468085,5,0.5664709847049317,0
IND_00314,7,18,0.27692307692307694,22,353,3,4,5,43,0,1.1016949152542372,5,0.8608992407856915,0
IND_00315,7,12,0.24489795918367346,10,348,4,4,5,53,0,1.1136363636363635,4,0.5241842837977703,0
IND_00316,7,11,0.28205128205128205,12,356,2,4,5,33,0,1.054054054054054,4,0.7968505269853707,0
IND_00317,6,19,0.3064516129032258,24,363,2,4,5,33,0,1.0333333333333334,5,0.2510145648190384,1
IND_00318,7,10,0.29411764705882354,12,365,2,4,5,33,0,1.0,5,0.9789488254416666,0
IND_00319,6,13,0.2708333333333333,15,344,2,4,5,33,0,1.0666666666666667,5,0.39981402255457577,0
IND_00320,5,14,0.28,19,343,3,4,4,42,0,1.1111111111111112,5,0.7247866023640863,0
IND_00321,7,10,0.20408163265306123,18,360,3,4,5,43,0,1.065217391304348,5,0.12591646465702144,0
IND_00322,7,14,0.2641509433962264,17,340,4,4,5,53,0,1.0392156862745099,5,0.44333658218667277,0
IND_00323,6,9,0.17307692307692307,17,358,2,4,5,33,0,1.0612244897959184,5,4.788550937213595,0
IND_00324,6,11,0.275,14,356,3,4,5,43,0,1.0256410256410255,4,0.20618079511867918,0
IND_00325,7,13,0.2826086956521739,9,364,2,4,5,33,0,1.0952380952380953,4,1.9135933679518027,0
IND_00326,6,12,0.2222222222222222,18,357,4,4,5,53,0,1.1020408163265305,5,0.18806914903069305,1
IND_00327,7,15,0.3125,15,352,3,4,5,43,0,1.0909090909090908,5,2.202560101202143,0
IND_00328,7,16,0.32653061224489793,11,362,1,4,5,23,0,1.0888888888888888,4,1.0378788171016762,0
IND_00329,7,22,0.38596491228070173,13,341,3,4,5,43,0,1.0754716981132075,5,0.804069279572595,0
IND_00330,6,6,0.11764705882352941,12,357,3,4,5,43,0,1.0625,5,3.532095644240093,0
IND_00331,7,15,0.3,14,357,3,4,5,43,0,1.0869565217391304,5,1.4446823739629149,0
IND_00332,7,14,0.32558139534883723,8,334,3,4,5,43,0,1.048780487804878,5,0.5839159554555292,0
IND_00333,7,15,0.29411764705882354,13,370,2,4,5,33,0,1.0851063829787233,5,0.39594296678192437,0
IND_00334,7,17,0.3541666666666667,15,345,3,4,5,43,0,1.0434782608695652,4,1.8857514886353548,0
IND_00335,7,14,0.23728813559322035,20,333,4,4,5,53,0,1.0350877192982457,4,1.3010979229583135,0
IND_00336,7,7,0.1206896551724138,18,360,2,4,5,33,0,1.0357142857142858,5,0.8734760498501891,0
IND_00337,7,17,0.25757575757575757,19,353,2,4,5,33,0,1.064516129032258,5,0.47410215275774087,1
IND_00338,7,9,0.16363636363636364,17,356,3,4,5,43,0,1.0576923076923077,5,3.520293502098786,0
IND_00339,7,21,0.38181818181818183,9,357,4,4,5,53,0,1.0576923076923077,5,0.40257359153641636,0
IND_00340,7,8,0.18604651162790697,12,320,3,4,5,43,0,1.048780487804878,4,0.4391119325760759,0
IND_00341,7,11,0.18032786885245902,20,351,3,4,5,43,0,1.1090909090909091,5,1.0586553448228948,0
IND_00342,7,8,0.20512820512820512,14,343,3,4,5,43,0,1.0833333333333333,4,1.6085288187515998,0
IND_00343,6,16,0.3018867924528302,11,363,4,4,5,53,0,1.0816326530612246,5,1.5942379745082529,0
IND_00344,7,13,0.28888888888888886,9,344,2,4,5,33,0,1.0714285714285714,5,4.0464094675311815,0
IND_00345,7,5,0.1111111111111111,17,361,3,4,5,43,0,1.0465116279069768,5,0.05602078464764822,0
IND_00346,7,14,0.25,17,362,2,4,5,33,0,1.0980392156862746,5,0.5401841776647571,0
IND_00347,7,15,0.2830188679245283,14,343,2,4,5,33,0,1.0392156862745099,5,1.4293109255292593,0
IND_00348,7,15,0.25,19,360,4,4,5,53,0,1.0714285714285714,5,0.6076201228170699,0
IND_00349,6,16,0.32653061224489793,11,359,4,4,5,53,0,1.0425531914893618,5,1.1821949092392123,0
IND_00350,7,8,0.17777777777777778,10,345,2,4,5,33,0,1.0227272727272727,4,0.7555088375773567,0
IND_00351,7,14,0.35,10,346,2,4,5,33,0,1.1111111111111112,5,0.23362586100142996,1
IND_00352,7,12,0.2857142857142857,13,330,3,4,5,43,0,1.05,4,0.7859047004710834,0
IND_00353,6,13,0.23636363636363636,14,367,3,4,5,43,0,1.0576923076923077,5,5.285248055073743,0
IND_00354,6,17,0.32075471698113206,14,353,4,4,5,53,0,1.0392156862745099,5,0.41941284142134766,0
IND_00355,7,14,0.2222222222222222,15,369,4,4,5,53,0,1.0677966101694916,5,0.9926482167965237,0
IND_00356,6,8,0.20512820512820512,9,338,3,4,5,43,0,1.054054054054054,5,0.5006868793541406,0
IND_00357,5,6,0.13953488372093023,16,357,2,4,5,33,0,1.075,5,0.6164992690069708,0
IND_00358,7,14,0.25,17,353,4,4,5,53,0,1.0769230769230769,5,0.22334271801164862,1
IND_00359,5,14,0.25,11,353,4,4,5,53,0,1.12,5,0.44422537310551374,0
IND_00360,7,13,0.26,15,362,4,4,5,53,0,1.0204081632653061,5,0.3375085515465674,0
IND_00361,6,10,0.2222222222222222,12,354,4,4,5,53,0,1.0465116279069768,3,0.8564411484015128,0
IND_00362,7,12,0.21428571428571427,17,362,2,4,5,33,0,1.0769230769230769,5,1.2010853104094397,0
IND_00363,5,11,0.19642857142857142,16,366,2,4,5,33,0,1.0566037735849056,5,0.7233896295234156,0
IND_00364,7,17,0.2982456140350877,11,357,4,4,5,53,0,1.0363636363636364,5,0.4490358409543402,0
IND_00365,6,16,0.3137254901960784,15,356,3,4,5,43,0,1.0625,5,0.725840113526341,0
IND_00366,7,14,0.2545454545454545,16,362,3,4,5,43,0,1.0784313725490196,5,0.742597563526913,0
IND_00367,7,10,0.21739130434782608,13,345,4,4,5,53,0,1.0454545454545454,5,0.7539515856977455,0
IND_00368,7,14,0.2545454545454545,14,351,2,4,5,33,0,1.0377358490566038,5,4.956632772723947,0
IND_00369,6,16,0.27586206896551724,13,353,3,4,5,43,0,1.0943396226415094,5,1.840222037734609,0
IND_00370,6,10,0.20833333333333334,8,351,2,4,5,33,0,1.0,4,1.8825188283000391,0
IND_00371,6,14,0.28,16,361,2,4,5,33,0,1.0416666666666667,5,0.5484219741829502,0
IND_00372,7,12,0.24,11,367,2,4,4,32,0,1.0638297872340425,4,1.1784666512165234,0
IND_00373,7,16,0.3076923076923077,15,370,3,4,5,43,0,1.04,5,0.5149349854596748,1
IND_00374,7,8,0.1568627450980392,18,357,3,4,5,43,0,1.0851063829787233,4,0.40899871966368545,0
IND_00375,7,12,0.2222222222222222,10,352,3,4,5,43,0,1.0384615384615385,4,0.6192573728162178,0
IND_00376,7,6,0.13333333333333333,6,349,3,4,5,43,0,1.0227272727272727,5,0.5675440523675679,0
IND_00377,6,10,0.20833333333333334,14,361,2,4,5,33,0,1.0212765957446808,5,1.5146499716967963,0
IND_00378,7,16,0.37209302325581395,11,348,2,4,5,33,0,1.1025641025641026,4,4.099515772764617,0
IND_00379,7,21,0.3888888888888889,15,362,2,4,5,33,0,1.0588235294117647,5,0.1287854414643001,1
IND_00380,7,14,0.2641509433962264,17,360,4,4,5,53,0,1.0816326530612246,5,1.2995145110591841,0
IND_00381,6,7,0.17073170731707318,8,353,3,4,5,43,0,1.025,4,0.4592022699331501,0
IND_00382,7,15,0.32608695652173914,12,355,2,4,5,33,0,1.0952380952380953,5,1.5345517633007486,0
IND_00383,7,14,0.2413793103448276,19,349,4,4,5,53,0,1.0545454545454545,4,1.7787702606265152,0
IND_00384,6,14,0.3111111111111111,13,347,3,4,5,43,0,1.0465116279069768,5,0.31761752673821547,0
IND_00385,7,17,0.32075471698113206,10,364,3,4,5,43,0,1.06,4,0.30551630326990203,0
IND_00386,7,18,0.2727272727272727,19,369,2,4,5,33,0,1.1,5,0.8543613256525519,0
IND_00387,6,14,0.25925925925925924,13,364,4,4,5,53,0,1.08,5,0.7029783547861124,0
IND_00388,7,14,0.4117647058823529,8,288,1,4,5,23,0,1.0625,4,1.1934097829176662,0
IND_00389,7,9,0.15789473684210525,16,370,3,4,5,43,0,1.14,5,2.2666830382411836,0
IND_00390,6,9,0.20454545454545456,18,351,3,4,5,43,0,1.1,5,0.4015953489126508,0
IND_00391,7,17,0.34,12,363,3,4,5,43,0,1.1363636363636365,4,1.2487511686802897,0
IND_00392,6,19,0.40425531914893614,16,327,2,4,5,33,0,1.0217391304347827,5,0.1139922137833658,0
IND_00393,7,10,0.2127659574468085,9,351,4,4,5,53,0,1.0444444444444445,5,0.5987687107750096,0
IND_00394,7,14,0.2978723404255319,8,351,3,4,5,43,0,1.0,5,0.5764574897862336,1
IND_00395,6,7,0.175,10,372,4,4,5,53,0,1.0256410256410255,5,1.2591312273836608,0
IND_00396,6,8,0.16666666666666666,15,358,2,4,5,33,0,1.1162790697674418,5,0.5516726364626577,0
IND_00397,7,9,0.21951219512195122,10,345,3,4,5,43,0,1.0512820512820513,4,0.6595069246170111,0
IND_00398,7,20,0.3508771929824561,14,347,2,4,5,33,0,1.0363636363636364,4,0.7995464039893506,0
IND_00399,6,9,0.20454545454545456,8,365,3,4,5,43,0,1.0731707317073171,4,0.7242621332438727,0
IND_00400,7,13,0.24528301886792453,10,331,2,4,5,33,0,1.0392156862745099,5,0.4084026222887436,0
IND_00401,6,11,0.22,12,356,2,4,5,33,0,1.0204081632653061,4,1.1833941230978442,0
IND_00402,6,14,0.2857142857142857,8,359,3,4,5,43,0,1.0208333333333333,5,1.3142536743274253,0
IND_00403,7,11,0.275,10,355,4,4,5,53,0,1.1111111111111112,4,0.3457810079191581,0
IND_00404,7,12,0.21052631578947367,16,355,3,4,5,43,0,1.1176470588235294,5,0.6272637452068781,0
IND_00405,7,13,0.23214285714285715,15,345,3,4,5,43,0,1.037037037037037,5,2.327888601448846,0
IND_00406,6,12,0.27906976744186046,11,345,3,4,5,43,0,1.0238095238095237,5,0.44721850460104084,0
IND_00407,7,8,0.18181818181818182,11,354,2,4,5,33,0,1.0731707317073171,4,0.3840800859363523,0
IND_00408,7,11,0.25,17,346,3,4,5,43,0,1.1,5,0.27682707901827897,0
IND_00409,7,8,0.16326530612244897,11,350,2,4,5,33,0,1.0208333333333333,3,0.85157528811494,0
IND_00410,6,9,0.28125,7,362,2,4,4,32,0,1.0,4,0.44994219946481967,0
IND_00411,7,16,0.26229508196721313,12,356,4,4,5,53,0,1.0701754385964912,4,0.1721217658814557,0
IND_00412,7,11,0.2558139534883721,11,346,2,4,5,33,0,1.0238095238095237,5,0.6889725446245258,1
IND_00413,7,13,0.22807017543859648,20,360,4,4,5,53,0,1.0555555555555556,4,0.42424166278043635,1
IND_00414,7,8,0.19047619047619047,6,354,2,4,5,33,0,1.05,5,0.21498178053820036,0
IND_00415,6,8,0.14814814814814814,18,352,3,4,5,43,0,1.1020408163265305,5,0.4858815578267722,0
IND_00416,6,9,0.19148936170212766,17,368,4,4,5,53,0,1.0217391304347827,5,0.22842304972812247,0
IND_00417,7,12,0.3076923076923077,15,359,2,4,5,33,0,1.0263157894736843,5,0.46952799683203733,0
IND_00418,7,18,0.2727272727272727,23,352,3,4,5,43,0,1.0476190476190477,5,1.3115155135591317,0
IND_00419,7,7,0.12280701754385964,16,347,3,4,5,43,0,1.0363636363636364,5,0.8272200952650152,0
IND_00420,6,13,0.24528301886792453,15,357,3,4,5,43,0,1.0192307692307692,5,1.286479632352454,0
IND_00421,7,13,0.24528301886792453,12,371,3,4,5,43,0,1.0392156862745099,4,0.1789502952736938,0
IND_00422,6,9,0.20454545454545456,15,350,2,4,5,33,0,1.0232558139534884,5,0.5844587484725449,0
IND_00423,7,7,0.15217391304347827,12,352,3,4,5,43,0,1.0222222222222221,4,0.17014348688876707,0
IND_00424,7,10,0.18518518518518517,13,358,4,4,5,53,0,1.1020408163265305,5,0.9183998966872781,0
IND_00425,6,9,0.21951219512195122,14,355,3,4,5,43,0,1.0,3,3.181304050750021,0
IND_00426,7,14,0.2545454545454545,16,356,3,4,5,43,0,1.0784313725490196,5,2.365675508814711,0
IND_00427,6,9,0.1836734693877551,12,362,3,4,5,43,0,1.1136363636363635,5,0.6137787557512943,0
IND_00428,7,11,0.23404255319148937,13,343,3,4,5,43,0,1.0217391304347827,5,0.5509800458078536,0
IND_00429,7,12,0.27906976744186046,8,357,3,4,5,43,0,1.075,5,0.20949541676361794,1
IND_00430,6,16,0.2909090909090909,18,328,4,4,5,53,0,1.1224489795918366,5,0.9255374547354998,0
IND_00431,7,18,0.3103448275862069,21,349,3,4,5,43,0,1.1153846153846154,5,0.5598958291896065,1
IND_00432,6,13,0.2826086956521739,13,340,4,4,5,53,0,1.0454545454545454,5,5.177961529841012,0
IND_00433,7,14,0.2978723404255319,10,362,3,4,5,43,0,1.0930232558139534,5,0.2635609455277327,0
IND_00434,6,12,0.24,14,369,4,4,5,53,0,1.1111111111111112,5,2.2176789008667517,0
IND_00435,6,13,0.26,16,346,4,4,5,53,0,1.0638297872340425,5,2.1570952690287473,0
IND_00436,6,12,0.25,12,369,3,4,5,43,0,1.0909090909090908,5,1.5325610789126036,0
IND_00437,7,7,0.14583333333333334,17,354,3,4,5,43,0,1.0434782608695652,5,0.9041156500788805,0
IND_00438,6,13,0.24074074074074073,19,361,3,4,5,43,0,1.08,5,2.4686315813985003,0
IND_00439,6,12,0.23076923076923078,17,338,3,4,5,43,0,1.1555555555555554,5,1.0683330405405609,0
IND_00440,7,13,0.23214285714285715,12,356,2,4,5,33,0,1.0980392156862746,5,1.0568674464010597,0
IND_00441,7,14,0.25,11,358,2,4,5,33,0,1.0566037735849056,5,1.0107616915896291,0
IND_00442,7,20,0.38461538461538464,13,352,3,4,5,43,0,1.04,4,0.9052290490658403,0
IND_00443,7,9,0.21428571428571427,10,350,2,4,5,33,0,1.0769230769230769,4,0.33509997011449677,0
IND_00444,7,16,0.2807017543859649,17,355,3,4,5,43,0,1.0178571428571428,5,1.9539074060131667,0
IND_00445,7,12,0.2033898305084746,10,359,3,4,5,43,0,1.0535714285714286,5,1.1263713861338622,0
IND_00446,7,7,0.14583333333333334,12,352,2,4,5,33,0,1.0666666666666667,4,1.3246859165382916,0
IND_00447,7,10,0.21739130434782608,8,353,3,4,5,43,0,1.0222222222222221,5,0.5401770470559227,0
IND_00448,7,9,0.1836734693877551,11,336,3,4,5,43,0,1.065217391304348,5,0.20138022500054192,0
IND_00449,7,14,0.2413793103448276,17,346,3,4,5,43,0,1.0545454545454545,5,0.6470752948570796,0
IND_00450,7,10,0.21739130434782608,9,349,3,4,4,42,0,1.0454545454545454,4,0.4838350768891031,0
IND_00451,7,10,0.20408163265306123,18,346,2,4,5,33,0,1.065217391304348,5,0.42286107955891117,0
IND_00452,6,11,0.22,18,355,3,4,5,43,0,1.1363636363636365,5,1.4929057326517452,0
IND_00453,7,17,0.3617021276595745,22,343,4,4,5,53,0,1.0444444444444445,4,2.2116501478662087,0
IND_00454,7,11,0.23404255319148937,9,353,3,4,5,43,0,1.0444444444444445,5,0.3716539032285691,0
IND_00455,7,12,0.21428571428571427,18,354,3,4,5,43,0,1.0769230769230769,5,1.2948754163322609,0
IND_00456,6,7,0.15217391304347827,16,363,3,4,5,43,0,1.069767441860465,5,0.5700987910512627,0
IND_00457,6,11,0.21568627450980393,13,354,2,4,5,33,0,1.0625,5,0.25554176762029873,0
IND_00458,7,13,0.22807017543859648,18,340,3,4,5,43,0,1.0363636363636364,4,1.380984010909727,0
IND_00459,7,9,0.1875,16,328,3,4,5,43,0,1.0666666666666667,5,1.6180993429075536,0
IND_00460,6,11,0.2619047619047619,12,365,3,4,5,43,0,1.05,5,0.404017655593878,0
IND_00461,6,11,0.21153846153846154,14,345,3,4,5,43,0,1.1063829787234043,5,0.26618321491671637,0
IND_00462,7,12,0.2553191489361702,14,363,4,4,5,53,0,1.0681818181818181,5,2.304103597424768,0
IND_00463,7,12,0.24489795918367346,15,364,3,4,5,43,0,1.0888888888888888,5,1.1010809020529249,0
IND_00464,7,13,0.2826086956521739,10,346,2,4,5,33,0,1.069767441860465,5,0.34926583427780883,0
IND_00465,6,11,0.20754716981132076,17,349,4,4,5,53,0,1.06,4,0.24787061542808025,0
IND_00466,7,10,0.19230769230769232,19,359,2,4,5,33,0,1.1304347826086956,5,2.8196992275412587,0
IND_00467,7,10,0.18181818181818182,22,364,3,4,5,43,0,1.0784313725490196,5,0.8248875219626858,0
IND_00468,6,8,0.21052631578947367,10,337,3,4,5,43,0,1.027027027027027,5,0.6958624723038419,0
IND_00469,7,9,0.23076923076923078,8,325,2,4,5,33,0,1.0,5,0.4941990370047537,0
IND_00470,6,18,0.28125,21,348,4,4,5,53,0,1.0847457627118644,5,4.191010929342816,0
IND_00471,5,11,0.25,11,363,4,4,5,53,0,1.0476190476190477,5,0.5971180814391353,0
IND_00472,7,12,0.2857142857142857,6,340,1,4,5,23,0,1.024390243902439,4,0.09339312545430682,0
IND_00473,7,11,0.2037037037037037,21,361,2,4,5,33,0,1.08,5,0.3723406662784778,1
IND_00474,7,9,0.17647058823529413,11,336,3,4,4,42,0,1.108695652173913,5,1.05239608955432,0
IND_00475,7,12,0.24,9,361,3,4,5,43,0,1.0869565217391304,4,0.18832635265779532,0
IND_00476,7,7,0.14285714285714285,18,358,2,4,5,33,0,1.0425531914893618,3,0.38034204397890464,0
IND_00477,7,13,0.30952380952380953,16,353,3,4,5,43,0,1.05,3,1.3389598736057666,0
IND_00478,7,14,0.3181818181818182,14,356,4,4,5,53,0,1.0476190476190477,5,0.7781526603569177,0
IND_00479,7,11,0.22916666666666666,12,344,4,4,5,53,0,1.0909090909090908,5,0.3312432090220033,0
IND_00480,7,14,0.2413793103448276,20,337,3,4,5,43,0,1.1153846153846154,5,1.1885351056127516,0
IND_00481,6,11,0.22448979591836735,20,369,4,4,5,53,0,1.0208333333333333,4,1.5822622072386339,0
IND_00482,7,16,0.3333333333333333,13,356,4,4,5,53,0,1.0666666666666667,5,1.142957220463733,0
IND_00483,7,12,0.2553191489361702,10,360,3,4,5,43,0,1.0444444444444445,5,0.13729981119908613,1
IND_00484,7,17,0.3148148148148148,15,337,3,4,5,43,0,1.0188679245283019,4,0.7097203084492387,0
IND_00485,7,15,0.3191489361702128,12,345,3,4,5,43,0,1.0681818181818181,5,1.4031480281313442,0
IND_00486,7,14,0.3783783783783784,8,369,2,4,5,33,0,1.0277777777777777,4,0.2345184803686747,0
IND_00487,7,12,0.3,13,348,4,4,5,53,0,1.0526315789473684,4,0.5602588306117271,0
IND_00488,6,12,0.2608695652173913,16,364,3,4,5,43,0,1.0952380952380953,5,1.5407911664663607,0
IND_00489,7,14,0.22580645161290322,23,357,2,4,5,33,0,1.0689655172413792,5,0.44265556077643325,0
IND_00490,6,7,0.13725490196078433,13,345,3,4,5,43,0,1.0,5,1.0064280293521561,0
IND_00491,7,9,0.1875,13,360,2,4,5,33,0,1.0212765957446808,5,6.596294432436681,0
IND_00492,7,13,0.28888888888888886,10,357,2,4,5,33,0,1.0714285714285714,5,0.257593061226905,0
IND_00493,7,13,0.23214285714285715,18,330,3,4,5,43,0,1.037037037037037,5,0.326447431092011,0
IND_00494,7,8,0.18181818181818182,13,357,2,4,5,33,0,1.1282051282051282,4,0.27122279033157365,0
IND_00495,6,13,0.24528301886792453,14,362,3,4,5,43,0,1.0816326530612246,5,1.3833132943479378,0
IND_00496,5,12,0.2926829268292683,12,359,2,4,5,33,0,1.0512820512820513,4,0.47681973859341054,0
IND_00497,7,12,0.24489795918367346,13,366,2,4,5,33,0,1.0888888888888888,5,0.2678480750263556,0
IND_00498,7,13,0.22413793103448276,15,356,3,4,5,43,0,1.0943396226415094,5,1.9251869731343974,0
IND_00499,7,12,0.2,19,368,2,4,5,33,0,1.0526315789473684,5,0.37589129278042355,0
IND_00500,7,15,0.3125,18,369,3,4,5,43,0,1.1428571428571428,4,0.48195259272844165,0
IND_00501,6,8,0.16666666666666666,16,364,3,4,4,42,0,1.0666666666666667,5,2.2697306726856765,0
IND_00502,7,14,0.28,19,349,3,4,5,43,0,1.0869565217391304,5,1.4548432366748905,0
IND_00503,6,14,0.25925925925925924,17,358,2,4,5,33,0,1.1020408163265305,5,0.9540266875464581,0
IND_00504,7,15,0.24193548387096775,23,346,4,4,5,53,0,1.087719298245614,5,1.1899359062038215,0
IND_00505,6,8,0.21052631578947367,8,363,3,4,5,43,0,1.027027027027027,3,1.2899036931707777,1
IND_00506,7,12,0.2727272727272727,10,347,3,4,5,43,0,1.0476190476190477,4,0.45541916353928047,0
IND_00507,6,15,0.35714285714285715,10,358,3,4,5,43,0,1.05,5,0.5929682141723218,0
IND_00508,7,10,0.20408163265306123,13,343,2,4,5,33,0,1.0425531914893618,5,0.1273795478665039,0
IND_00509,7,10,0.2127659574468085,13,369,2,4,5,33,0,1.0,5,0.4937154850565606,0
IND_00510,6,10,0.21739130434782608,19,362,2,4,5,33,0,1.069767441860465,5,1.8924109335847032,0
IND_00511,7,13,0.21666666666666667,18,361,4,4,5,53,0,1.0344827586206897,5,4.004071432130283,0
IND_00512,7,8,0.17391304347826086,15,354,3,4,5,43,0,1.069767441860465,5,0.46793006868082937,0
IND_00513,7,19,0.35185185185185186,16,362,3,4,5,43,0,1.0588235294117647,4,1.0707081932287092,0
IND_00514,7,9,0.15254237288135594,20,356,3,4,5,43,0,1.0925925925925926,5,0.6017348003312902,0
IND_00515,5,13,0.26,10,365,3,4,5,43,0,1.0638297872340425,5,1.0214875302167445,0
IND_00516,5,12,0.23076923076923078,16,360,4,4,5,53,0,1.1063829787234043,5,0.3997826352732563,0
IND_00517,7,7,0.2,9,324,3,4,5,43,0,1.0606060606060606,4,0.2750416651874503,0
IND_00518,5,14,0.2641509433962264,17,354,3,4,5,43,0,1.1041666666666667,5,0.6753909867352028,0
IND_00519,6,16,0.3137254901960784,14,360,4,4,5,53,0,1.0851063829787233,4,2.7852414872779967,0
IND_00520,7,13,0.28888888888888886,9,351,2,4,5,33,0,1.0465116279069768,5,0.26462470667874705,0
IND_00521,7,17,0.29310344827586204,17,348,2,4,5,33,0,1.0545454545454545,5,1.7857164681321736,0
IND_00522,7,13,0.24528301886792453,13,350,4,4,5,53,0,1.127659574468085,5,0.5677464618350652,0
IND_00523,7,12,0.21818181818181817,16,337,2,4,5,33,0,1.0576923076923077,5,0.3839374460797815,0
IND_00524,7,8,0.18604651162790697,9,320,3,4,5,43,0,1.1025641025641026,4,0.29806456052729857,0
IND_00525,7,14,0.2413793103448276,17,363,3,4,5,43,0,1.0740740740740742,5,0.48912794233914275,0
IND_00526,6,13,0.3023255813953488,11,342,2,4,5,33,0,1.048780487804878,5,0.9721911701400048,0
IND_00527,7,8,0.2,10,326,2,4,5,33,0,1.0256410256410255,4,0.8140744992529263,0
IND_00528,6,15,0.30612244897959184,14,343,3,4,5,43,0,1.065217391304348,5,0.6344967775318239,0
IND_00529,7,13,0.2,21,372,3,4,5,43,0,1.0833333333333333,5,0.5715197460283677,0
IND_00530,7,8,0.1951219512195122,9,341,3,4,4,42,0,1.025,4,0.2601206713462512,0
IND_00531,7,15,0.35714285714285715,11,358,3,4,5,43,0,1.0769230769230769,5,0.26664788416647145,0
IND_00532,7,17,0.2786885245901639,11,356,3,4,5,43,0,1.0701754385964912,5,1.389143456328907,0
IND_00533,7,13,0.23636363636363636,17,361,2,4,5,33,0,1.1458333333333333,5,0.31564627132394046,0
IND_00534,7,14,0.358974358974359,6,361,3,4,5,43,0,1.0833333333333333,5,0.11831237124611112,0
IND_00535,7,11,0.2619047619047619,9,352,3,4,5,43,0,1.0769230769230769,5,0.8329503230098368,0
IND_00536,7,14,0.23333333333333334,21,354,2,4,5,33,0,1.0909090909090908,5,1.1839035863330896,0
IND_00537,7,10,0.21739130434782608,16,353,3,4,5,43,0,1.0952380952380953,5,0.27847988249405453,0
IND_00538,6,16,0.3333333333333333,17,328,4,4,5,53,0,1.1162790697674418,5,0.6031762574133928,0
IND_00539,7,11,0.21568627450980393,10,331,3,4,5,43,0,1.108695652173913,5,1.346347521057326,0
IND_00540,7,12,0.2553191489361702,8,368,3,4,5,43,0,1.119047619047619,5,0.37804566792527966,0
IND_00541,6,14,0.2545454545454545,17,357,4,4,5,53,0,1.0377358490566038,5,0.6373721053905342,0
IND_00542,6,10,0.2564102564102564,13,356,3,4,5,43,0,1.0833333333333333,4,0.2410302187545351,0
IND_00543,7,14,0.32558139534883723,12,351,2,4,5,33,0,1.0238095238095237,5,0.2840341011580601,0
IND_00544,7,4,0.1111111111111111,8,361,2,4,5,33,0,1.0588235294117647,4,0.46914646573169266,0
IND_00545,6,12,0.2857142857142857,11,355,3,4,5,43,0,1.024390243902439,5,0.5444563958691411,0
IND_00546,7,9,0.23076923076923078,9,353,2,4,5,33,0,1.054054054054054,4,0.5265790371617303,0
IND_00547,6,22,0.4074074074074074,15,325,3,4,5,43,0,1.125,5,0.14694245434875058,0
IND_00548,7,11,0.19642857142857142,17,361,3,4,5,43,0,1.0980392156862746,5,0.6883746090824383,0
IND_00549,5,14,0.2978723404255319,14,352,3,4,5,43,0,1.0444444444444445,4,3.752942720755182,0
IND_00550,7,12,0.2033898305084746,14,360,3,4,5,43,0,1.0727272727272728,5,0.8866639376716284,0
IND_00551,7,15,0.23076923076923078,17,355,2,4,5,33,0,1.1607142857142858,5,1.4910241931057855,0
IND_00552,7,11,0.1774193548387097,10,356,4,4,5,53,0,1.1071428571428572,5,1.2325038035131566,1
IND_00553,7,11,0.20754716981132076,20,362,2,4,5,33,0,1.0816326530612246,5,0.2368180427990607,0
IND_00554,6,7,0.175,18,348,3,4,5,43,0,1.0256410256410255,5,0.41844974652120465,0
IND_00555,6,12,0.23529411764705882,18,347,3,4,5,43,0,1.108695652173913,5,0.6909620268059572,0
IND_00556,6,11,0.2558139534883721,14,341,3,4,5,43,0,1.075,4,1.8238834396736832,0
IND_00557,6,16,0.3018867924528302,19,353,2,4,5,33,0,1.0192307692307692,5,1.2749115123244605,0
IND_00558,7,11,0.22916666666666666,14,352,3,4,5,43,0,1.0434782608695652,4,0.8339675482344521,0
IND_00559,6,12,0.35294117647058826,7,366,2,4,5,33,0,1.096774193548387,3,0.7799657757252108,0
IND_00560,5,12,0.2857142857142857,11,361,3,4,5,43,0,1.0769230769230769,5,0.8191072024388694,0
IND_00561,7,17,0.34,14,350,2,4,5,33,0,1.0,5,0.5702575230273043,0
IND_00562,7,7,0.1346153846153846,11,365,3,4,5,43,0,1.0196078431372548,4,1.0822080776192282,0
IND_00563,7,18,0.32727272727272727,13,358,4,4,5,53,0,1.0377358490566038,5,0.21236660658012999,0
IND_00564,7,14,0.2978723404255319,12,359,3,4,5,43,0,1.0444444444444445,5,0.3067126800916038,0
IND_00565,7,15,0.2631578947368421,10,348,3,4,5,43,0,1.0555555555555556,5,0.7567670633255703,0
IND_00566,7,18,0.3,14,357,2,4,5,33,0,1.0909090909090908,5,0.30867801429442715,0
IND_00567,7,10,0.19230769230769232,15,363,2,4,5,33,0,1.0612244897959184,5,1.5952192447466245,0
IND_00568,6,7,0.175,10,362,3,4,5,43,0,1.0256410256410255,5,0.2744793142648367,0
IND_00569,6,19,0.35185185185185186,19,353,4,4,5,53,0,1.1020408163265305,5,0.5208639748969058,0
IND_00570,7,14,0.2028985507246377,22,367,3,4,5,43,0,1.1311475409836065,4,0.9203137280584178,0
IND_00571,7,15,0.2830188679245283,13,352,3,4,5,43,0,1.06,5,1.1160312472321403,0
IND_00572,7,8,0.16,15,351,3,4,5,43,0,1.0638297872340425,4,1.1722228155783894,0
IND_00573,6,7,0.17073170731707318,9,359,3,4,5,43,0,1.1388888888888888,5,0.9496519305829433,0
IND_00574,7,11,0.20754716981132076,7,361,2,4,5,33,0,1.0392156862745099,5,0.5449856649298708,0
IND_00575,6,7,0.1320754716981132,12,368,3,4,5,43,0,1.1041666666666667,5,0.6601068093402572,0
IND_00576,7,14,0.2692307692307692,20,351,4,4,5,53,0,1.0196078431372548,5,0.8668195953811025,0
IND_00577,7,11,0.2558139534883721,12,353,4,4,5,53,0,1.1025641025641026,3,0.6125769170985416,0
IND_00578,7,16,0.32,15,358,3,4,5,43,0,1.0869565217391304,5,0.48019876262049,0
IND_00579,7,10,0.2222222222222222,12,356,3,4,5,43,0,1.0975609756097562,4,0.32590646497042386,0
IND_00580,7,12,0.1935483870967742,13,363,3,4,5,43,0,1.1272727272727272,4,3.273809059211871,0
IND_00581,7,15,0.32608695652173914,11,354,4,4,5,53,0,1.0222222222222221,5,0.2055565927871001,0
IND_00582,7,10,0.21739130434782608,17,353,2,4,5,33,0,1.069767441860465,5,0.574762348302152,0
IND_00583,7,9,0.15789473684210525,16,364,4,4,5,53,0,1.14,5,1.8167238934856889,0
IND_00584,6,7,0.14,15,362,4,4,5,53,0,1.0416666666666667,5,0.8663086470530557,0
IND_00585,7,12,0.3,11,342,3,4,5,43,0,1.0,5,0.9034319555450574,0
IND_00586,7,8,0.21052631578947367,9,349,1,4,5,23,0,1.0,4,0.07586198601370972,1
IND_00587,7,9,0.16981132075471697,15,359,3,4,5,43,0,1.0392156862745099,4,1.759806375576079,0
IND_00588,7,6,0.1935483870967742,9,357,3,4,5,43,0,1.0,4,0.46166402583406146,0
IND_00589,7,10,0.2702702702702703,11,341,3,4,5,43,0,1.0277777777777777,5,0.8110921153556817,0
IND_00590,7,15,0.3488372093023256,12,355,2,4,5,33,0,1.075,5,0.5391696753605202,0
IND_00591,7,13,0.26,16,364,4,4,5,53,0,1.0204081632653061,5,1.0041718953808936,0
IND_00592,7,18,0.35294117647058826,13,349,3,4,5,43,0,1.0408163265306123,5,0.6665042698333468,0
IND_00593,7,15,0.234375,23,366,4,4,5,53,0,1.032258064516129,5,0.1208764640261152,0
IND_00594,7,11,0.2558139534883721,13,346,3,4,5,43,0,1.075,4,0.6775334908649892,0
IND_00595,7,12,0.2553191489361702,17,347,3,4,5,43,0,1.0444444444444445,5,0.5721552001877452,0
IND_00596,7,5,0.125,12,353,3,4,5,43,0,1.0526315789473684,5,0.7062886177105077,0
IND_00597,7,18,0.3157894736842105,16,353,4,4,5,53,0,1.0754716981132075,5,0.2607270105489047,0
IND_00598,7,12,0.26666666666666666,12,336,3,4,5,43,0,1.0227272727272727,4,0.6745936549163981,0
IND_00599,5,9,0.24324324324324326,8,325,3,3,5,41,0,1.0,5,0.7945238121221105,1
IND_00600,7,15,0.29411764705882354,14,337,3,4,5,43,0,1.108695652173913,5,0.541401405512269,0
IND_00601,7,13,0.2549019607843137,7,356,3,4,5,43,0,1.0625,5,1.3831821756179643,0
IND_00602,7,13,0.24528301886792453,14,363,2,4,5,33,0,1.1041666666666667,4,0.838281917193214,1
IND_00603,7,10,0.20408163265306123,15,351,3,4,5,43,0,1.0888888888888888,5,0.21423790744891813,0
IND_00604,6,14,0.3181818181818182,10,354,3,4,5,43,0,1.0232558139534884,4,0.6110347669250258,1
IND_00605,7,16,0.2857142857142857,18,348,4,4,5,53,0,1.037037037037037,5,0.14286838358726095,0
IND_00606,7,17,0.2361111111111111,13,362,2,4,5,33,0,1.180327868852459,5,0.6025259812180668,0
IND_00607,6,12,0.2553191489361702,17,340,2,4,5,33,0,1.0681818181818181,5,1.374439975758288,0
IND_00608,6,11,0.2619047619047619,15,360,3,4,5,43,0,1.0769230769230769,5,0.2230253570066662,0
IND_00609,7,12,0.24,17,355,4,4,5,53,0,1.0638297872340425,5,0.8099086425599524,0
IND_00610,5,10,0.2564102564102564,15,305,2,4,5,33,0,1.054054054054054,5,0.2496384047522085,0
IND_00611,6,11,0.2037037037037037,20,347,3,4,5,43,0,1.0588235294117647,5,0.5451621695566327,0
IND_00612,7,16,0.2711864406779661,17,360,3,4,5,43,0,1.0727272727272728,5,1.0464234601033835,0
IND_00613,7,7,0.14583333333333334,12,340,1,4,5,23,0,1.0666666666666667,5,0.9422879470194504,0
IND_00614,6,10,0.23255813953488372,12,335,3,4,5,43,0,1.075,5,1.6312037827240655,0
IND_00615,7,9,0.1836734693877551,14,353,2,4,5,33,0,1.0208333333333333,5,1.4215258662471466,0
IND_00616,7,14,0.34146341463414637,9,346,3,4,5,43,0,1.0789473684210527,5,2.4742431023154086,0
IND_00617,7,15,0.2727272727272727,19,328,3,4,5,43,0,1.0576923076923077,5,1.766658280230092,0
IND_00618,7,8,0.17391304347826086,12,352,2,4,5,33,0,1.069767441860465,5,0.18328205297101233,0
IND_00619,7,9,0.18,18,343,3,4,5,43,0,1.0638297872340425,5,0.3117672523452567,0
IND_00620,7,14,0.2916666666666667,7,358,3,4,5,43,0,1.0666666666666667,5,0.5019740569506942,0
IND_00621,7,8,0.18604651162790697,8,353,3,4,5,43,0,1.1025641025641026,4,0.3047556746435366,0
IND_00622,7,12,0.23076923076923078,12,358,4,4,5,53,0,1.0612244897959184,5,2.00200207350964,1
IND_00623,7,12,0.2222222222222222,17,363,4,4,5,53,0,1.0384615384615385,4,1.9034167655799283,0
IND_00624,7,10,0.25,11,356,3,4,5,43,0,1.1111111111111112,5,0.40087710936085,0
IND_00625,7,10,0.19607843137254902,18,342,2,4,5,33,0,1.0625,5,0.6509437862128913,0
IND_00626,7,7,0.18421052631578946,10,357,4,4,5,53,0,1.027027027027027,5,0.5894604753280256,1
IND_00627,7,8,0.18604651162790697,13,353,2,4,5,33,0,1.048780487804878,4,0.4974690527283542,0
IND_00628,6,15,0.3333333333333333,15,360,2,4,5,33,0,1.0227272727272727,5,0.48275987085495803,0
IND_00629,6,12,0.24489795918367346,18,358,3,4,5,43,0,1.0425531914893618,5,0.7579853072568912,0
IND_00630,7,7,0.15555555555555556,19,369,3,4,4,42,0,1.0465116279069768,5,0.5232678225066356,0
IND_00631,7,11,0.2391304347826087,9,322,3,4,5,43,0,1.0222222222222221,4,0.2552278854595644,0
IND_00632,7,16,0.26229508196721313,14,353,3,4,5,43,0,1.1090909090909091,5,0.6054299636489058,0
IND_00633,7,12,0.3157894736842105,13,355,2,4,5,33,0,1.0857142857142856,4,0.6231375375223736,0
IND_00634,7,12,0.25,14,358,3,4,5,43,0,1.0434782608695652,5,0.3447594454987633,0
IND_00635,6,11,0.28205128205128205,15,365,3,4,5,43,0,1.0263157894736843,5,0.13126568346061285,0
IND_00636,7,12,0.2727272727272727,14,356,2,4,5,33,0,1.0476190476190477,5,1.2364788186415725,0
IND_00637,7,9,0.15,16,358,2,4,5,33,0,1.0526315789473684,5,2.089683176670663,0
IND_00638,7,12,0.25,11,359,3,4,5,43,0,1.0434782608695652,5,0.6234215926134427,0
IND_00639,7,12,0.24489795918367346,10,362,4,4,5,53,0,1.1136363636363635,5,0.7192993070621657,0
IND_00640,7,14,0.2978723404255319,12,365,3,4,5,43,0,1.0930232558139534,5,0.2765896361101521,0
IND_00641,6,15,0.39473684210526316,11,359,2,4,5,33,0,1.027027027027027,3,0.9909019113346161,0
IND_00642,7,14,0.2978723404255319,16,362,2,4,5,33,0,1.0444444444444445,4,2.7537893760564933,0
IND_00643,7,12,0.27906976744186046,9,346,3,4,5,43,0,1.0238095238095237,5,0.36951882607939035,1
IND_00644,7,20,0.37735849056603776,14,345,3,4,5,43,0,1.06,5,0.2329931646778248,0
IND_00645,7,12,0.2608695652173913,17,358,4,4,5,53,0,1.2105263157894737,5,1.0964970179530598,0
IND_00646,6,8,0.16326530612244897,13,355,4,4,5,53,0,1.065217391304348,5,0.33366986932299864,0
IND_00647,7,15,0.29411764705882354,13,360,2,4,5,33,0,1.0408163265306123,5,1.0790303592401684,0
IND_00648,7,9,0.17307692307692307,18,352,3,4,5,43,0,1.0612244897959184,5,1.0985992539503224,1
IND_00649,7,9,0.20454545454545456,12,360,3,4,5,43,0,1.0232558139534884,5,0.3636939322701338,0
IND_00650,7,17,0.3333333333333333,15,360,3,4,5,43,0,1.0851063829787233,5,0.6845207207138305,0
IND_00651,7,13,0.29545454545454547,11,330,4,4,5,53,0,1.1,4,3.3282364138853158,0
IND_00652,6,14,0.2692307692307692,13,332,2,4,4,32,0,1.0833333333333333,5,0.5218590590418528,0
IND_00653,6,14,0.25925925925925924,13,341,3,4,5,43,0,1.08,5,1.627421256980442,0
IND_00654,7,12,0.20689655172413793,14,348,3,4,5,43,0,1.0740740740740742,5,1.0059374879694947,0
IND_00655,7,13,0.25,15,342,2,4,5,33,0,1.0612244897959184,5,0.4026286491345476,0
IND_00656,7,14,0.2978723404255319,17,353,2,4,5,33,0,1.0444444444444445,5,0.5458432849641962,0
IND_00657,7,12,0.22641509433962265,15,364,3,4,5,43,0,1.1041666666666667,5,0.6671248870664465,0
IND_00658,6,12,0.21052631578947367,13,346,3,4,5,43,0,1.0754716981132075,4,1.8192754885866544,0
IND_00659,7,10,0.19230769230769232,11,342,2,4,5,33,0,1.1818181818181819,5,1.1911402402411406,0
IND_00660,7,16,0.2909090909090909,18,357,4,4,5,53,0,1.0784313725490196,5,1.4019127902840933,0
IND_00661,6,17,0.38636363636363635,12,357,3,4,5,43,0,1.0476190476190477,5,0.254967400824572,0
IND_00662,7,11,0.24444444444444444,9,370,4,4,5,53,0,1.0465116279069768,5,0.5092948492093935,0
IND_00663,6,17,0.3269230769230769,21,353,3,4,5,43,0,1.0833333333333333,4,0.5028468437197151,0
IND_00664,7,15,0.24193548387096775,20,349,3,4,5,43,0,1.0508474576271187,5,0.42734418420271575,0
IND_00665,7,14,0.24561403508771928,13,356,3,4,5,43,0,1.14,5,0.07919072449644313,0
IND_00666,7,12,0.2727272727272727,11,369,4,4,5,53,0,1.0232558139534884,5,2.818566103328456,0
IND_00667,6,14,0.2916666666666667,16,355,4,4,5,53,0,1.0212765957446808,5,0.40134559710655876,1
IND_00668,7,5,0.1282051282051282,13,332,4,4,5,53,0,1.0833333333333333,5,0.25724720857897004,0
IND_00669,7,11,0.1864406779661017,18,349,4,4,5,53,0,1.0172413793103448,4,0.8975795967410741,0
IND_00670,7,11,0.25,14,339,3,4,5,43,0,1.0731707317073171,5,0.24083615055512148,0
IND_00671,7,14,0.25,22,366,3,4,5,43,0,1.037037037037037,5,0.364576542467181,0
IND_00672,7,16,0.38095238095238093,10,353,2,4,5,33,0,1.0769230769230769,4,0.2826316504530243,0
IND_00673,7,14,0.2857142857142857,12,339,4,4,5,53,0,1.0888888888888888,4,0.7290768536296471,0
IND_00674,6,13,0.24528301886792453,19,347,3,4,5,43,0,1.06,5,0.34380684328743905,0
IND_00675,7,14,0.2857142857142857,17,362,3,4,5,43,0,1.065217391304348,5,1.3903554316059341,0
IND_00676,6,15,0.3488372093023256,16,363,3,4,5,43,0,1.048780487804878,4,0.7069193587666915,0
IND_00677,7,10,0.2127659574468085,16,358,3,4,5,43,0,1.0444444444444445,5,0.2895796307182898,1
IND_00678,6,13,0.24074074074074073,20,353,3,4,5,43,0,1.0588235294117647,5,1.2341121064576028,0
IND_00679,7,10,0.24390243902439024,12,346,2,4,5,33,0,1.1081081081081081,5,0.18274862803809028,0
IND_00680,7,16,0.24615384615384617,17,353,3,4,4,42,0,1.0,4,0.9143162509861456,0
IND_00681,6,12,0.24,14,337,2,4,5,33,0,1.0638297872340425,4,0.40179988757506613,0
IND_00682,6,7,0.1794871794871795,16,347,2,4,5,33,0,1.054054054054054,5,0.5597375781124718,0
IND_00683,7,16,0.32653061224489793,16,346,3,4,5,43,0,1.0208333333333333,5,0.4651681551199889,0
IND_00684,7,17,0.2833333333333333,17,355,3,4,5,43,0,1.0714285714285714,4,3.2509273376687586,0
IND_00685,7,12,0.25,9,342,4,4,5,53,0,1.0666666666666667,5,1.9813844662079123,0
IND_00686,7,8,0.14814814814814814,13,357,2,4,5,33,0,1.1020408163265305,5,1.3961150159629818,0
IND_00687,7,11,0.21153846153846154,17,335,2,4,5,33,0,1.0196078431372548,4,0.35907186057232376,1
IND_00688,7,20,0.38461538461538464,14,331,3,4,5,43,0,1.04,4,1.5760422194335473,0
IND_00689,7,7,0.1794871794871795,12,349,3,4,5,43,0,1.0,5,0.7189485372987033,0
IND_00690,7,14,0.2978723404255319,19,361,4,4,5,53,0,1.119047619047619,5,0.36605889412930165,0
IND_00691,7,14,0.2153846153846154,15,332,2,4,5,33,0,1.0483870967741935,5,0.6493925950282544,0
IND_00692,7,18,0.32142857142857145,20,346,3,4,5,43,0,1.12,5,0.38699692822511345,0
IND_00693,6,10,0.18518518518518517,16,358,2,4,5,33,0,1.0384615384615385,5,1.0143684112520535,0
IND_00694,7,10,0.2857142857142857,16,355,3,4,4,42,0,1.0294117647058822,4,2.187551193984123,0
IND_00695,7,13,0.22807017543859648,22,358,4,4,5,53,0,1.0363636363636364,5,0.233444117869453,0
IND_00696,7,5,0.11363636363636363,12,358,3,4,5,43,0,1.0232558139534884,5,0.7648569156715002,0
IND_00697,7,15,0.2830188679245283,11,347,4,4,5,53,0,1.0392156862745099,5,0.8296728657411532,0
IND_00698,7,13,0.2765957446808511,12,362,3,4,5,43,0,1.0681818181818181,5,0.6260920444158903,0
IND_00699,7,9,0.1875,15,336,4,4,5,53,0,1.0909090909090908,4,0.6448407882383155,0
IND_00700,7,8,0.16666666666666666,15,346,3,4,5,43,0,1.0909090909090908,5,1.7722361982146657,0
IND_00701,6,22,0.36666666666666664,17,337,3,4,5,43,0,1.0344827586206897,5,0.5022747522527555,0
IND_00702,5,11,0.22916666666666666,15,360,2,4,5,33,0,1.0434782608695652,5,0.7046403534819903,0
IND_00703,7,9,0.16666666666666666,19,368,3,4,5,43,0,1.0588235294117647,5,0.29056163864261925,0
IND_00704,7,13,0.30952380952380953,10,332,2,4,5,33,0,1.05,4,0.6853342243678351,0
IND_00705,7,8,0.20512820512820512,6,363,3,4,5,43,0,1.0263157894736843,5,0.8369473764765237,0
IND_00706,7,10,0.21739130434782608,17,354,4,4,5,53,0,1.069767441860465,4,1.4858236457160139,1
IND_00707,7,7,0.18421052631578946,8,340,2,4,5,33,0,1.027027027027027,5,2.301505552009634,0
IND_00708,7,17,0.40476190476190477,10,359,3,4,5,43,0,1.105263157894737,4,2.234379037592532,0
IND_00709,7,12,0.2033898305084746,18,367,4,4,5,53,0,1.1132075471698113,5,1.2018965227145304,0
IND_00710,6,8,0.1951219512195122,8,363,2,4,5,33,0,1.025,4,1.2773231776857235,0
IND_00711,7,16,0.26229508196721313,19,347,4,4,5,53,0,1.0892857142857142,5,0.7632690444929778,0
IND_00712,5,11,0.3142857142857143,7,365,3,4,5,43,0,1.0606060606060606,5,0.7213167082602027,0
IND_00713,7,9,0.1836734693877551,16,346,3,4,5,43,0,1.0425531914893618,5,0.331399350020038,1
IND_00714,6,9,0.2,17,354,4,4,5,53,0,1.0465116279069768,5,0.7689899374879864,0
IND_00715,7,16,0.2962962962962963,11,360,3,4,5,43,0,1.0384615384615385,5,3.159175800545351,0
IND_00716,7,12,0.24,17,360,3,4,5,43,0,1.0638297872340425,5,0.7791853844668519,0
IND_00717,7,13,0.30952380952380953,12,366,4,4,5,53,0,1.024390243902439,5,0.915348486878725,0
IND_00718,7,12,0.21818181818181817,17,357,3,4,5,43,0,1.0576923076923077,4,0.7682181064519711,0
IND_00719,5,16,0.3137254901960784,14,362,3,4,5,43,0,1.186046511627907,5,0.56217385185493,0
IND_00720,7,16,0.32,13,362,2,4,5,33,0,1.0416666666666667,5,1.0105800424589177,0
IND_00721,7,9,0.21428571428571427,14,358,3,4,4,42,0,1.024390243902439,3,0.6577659142155438,1
IND_00722,7,16,0.2807017543859649,12,357,2,4,5,33,0,1.0555555555555556,4,1.273870018804402,0
IND_00723,7,16,0.2909090909090909,15,371,3,4,5,43,0,1.0185185185185186,5,0.32214778887252116,0
IND_00724,6,9,0.14516129032258066,19,371,4,4,5,53,0,1.087719298245614,5,0.22443126149256581,0
IND_00725,7,11,0.1746031746031746,18,370,3,4,5,43,0,1.0862068965517242,5,1.550522751817865,0
IND_00726,7,17,0.288135593220339,17,364,3,4,5,43,0,1.0727272727272728,4,0.8419074983291623,0
IND_00727,7,14,0.3181818181818182,18,364,4,4,5,53,0,1.0731707317073171,4,0.4026379442264289,0
IND_00728,7,7,0.15217391304347827,13,366,2,4,5,33,0,1.069767441860465,4,0.19449193926634933,0
IND_00729,6,13,0.3023255813953488,12,364,3,4,5,43,0,1.1025641025641026,5,1.3889890705167898,0
IND_00730,7,5,0.10416666666666667,14,349,2,4,5,33,0,1.0212765957446808,5,0.44993728863707955,0
IND_00731,7,12,0.2857142857142857,14,335,4,4,5,53,0,1.135135135135135,5,0.07560627452609713,0
IND_00732,7,16,0.2857142857142857,17,348,3,4,5,43,0,1.0,5,0.23715044036685337,0
IND_00733,6,10,0.16129032258064516,14,362,4,4,5,53,0,1.0689655172413792,5,3.683476509239032,0
IND_00734,7,16,0.3333333333333333,20,349,4,4,5,53,0,1.0212765957446808,5,0.31972965808597836,0
IND_00735,7,13,0.22033898305084745,15,346,4,4,5,53,0,1.1346153846153846,5,0.7186109294811385,0
IND_00736,7,9,0.20930232558139536,14,354,4,4,5,53,0,1.162162162162162,5,0.4268276683883227,0
IND_00737,7,16,0.2909090909090909,8,362,3,4,5,43,0,1.0784313725490196,5,0.8766330274532266,0
IND_00738,7,19,0.30158730158730157,19,356,2,4,5,33,0,1.0327868852459017,5,1.002592175643711,0
IND_00739,7,6,0.09375,21,347,3,4,5,43,0,1.0666666666666667,5,0.2462999458524904,0
IND_00740,6,15,0.32608695652173914,18,351,3,4,5,43,0,1.15,5,0.31514844646070306,0
IND_00741,7,16,0.2711864406779661,12,349,2,4,5,33,0,1.0727272727272728,5,0.49776154266100425,0
IND_00742,7,10,0.1724137931034483,18,348,3,4,5,43,0,1.0740740740740742,5,3.8343920457950267,0
IND_00743,7,10,0.17543859649122806,16,367,3,4,5,43,0,1.0754716981132075,5,0.6208223205706949,0
IND_00744,7,11,0.22,14,361,3,4,5,43,0,1.0638297872340425,5,1.8497582117100577,0
IND_00745,7,12,0.24489795918367346,10,348,3,4,5,43,0,1.065217391304348,5,0.8109344532790035,0
IND_00746,7,14,0.3111111111111111,13,341,4,4,5,53,0,1.0975609756097562,5,0.7098622979779365,0
IND_00747,7,12,0.2553191489361702,11,356,3,4,5,43,0,1.0930232558139534,5,0.4106804115477819,0
IND_00748,7,17,0.29310344827586204,20,356,2,4,5,33,0,1.1153846153846154,4,3.951593563091314,1
IND_00749,7,15,0.2542372881355932,12,362,3,4,5,43,0,1.0350877192982457,5,0.7687120347501442,0
IND_00750,7,12,0.25,11,318,2,4,5,33,0,1.0909090909090908,5,1.7460691865042046,0
IND_00751,7,18,0.3333333333333333,18,361,3,4,5,43,0,1.0588235294117647,5,1.1513683965147912,0
IND_00752,7,19,0.3275862068965517,17,358,2,4,5,33,0,1.0740740740740742,5,0.7546623940414654,0
IND_00753,5,18,0.34615384615384615,14,359,3,4,5,43,0,1.0833333333333333,4,0.6593275628779358,0
IND_00754,7,19,0.3220338983050847,28,364,4,4,5,53,0,1.1132075471698113,5,1.5898493470288706,1
IND_00755,7,12,0.2222222222222222,18,359,3,4,5,43,0,1.08,5,1.8250476594590637,0
IND_00756,7,10,0.2702702702702703,14,329,3,4,5,43,0,1.121212121212121,5,0.652127227061635,0
IND_00757,7,17,0.3148148148148148,19,362,4,4,5,53,0,1.0588235294117647,5,1.3128117003424695,0
IND_00758,7,8,0.2,13,339,4,4,4,52,0,1.0526315789473684,5,1.1819106919550002,0
IND_00759,7,13,0.22033898305084745,19,332,2,4,5,33,0,1.0350877192982457,5,0.4469869644433534,0
IND_00760,6,15,0.30612244897959184,17,352,2,4,5,33,0,1.0425531914893618,5,0.25392670673845563,0
IND_00761,6,17,0.26153846153846155,13,345,3,4,5,43,0,1.0833333333333333,5,0.1941488507395549,1
IND_00762,7,9,0.16981132075471697,15,335,3,4,5,43,0,1.127659574468085,5,0.6494563337204143,1
IND_00763,7,9,0.16981132075471697,17,362,3,4,5,43,0,1.0816326530612246,5,0.8103845049816627,0
IND_00764,7,14,0.25,13,360,3,4,5,43,0,1.0980392156862746,5,4.423725756014389,0
IND_00765,7,11,0.19642857142857142,13,351,3,4,5,43,0,1.0980392156862746,5,0.3164490225460748,0
IND_00766,7,14,0.28,18,354,3,4,5,43,0,1.1111111111111112,4,0.7229026330969539,0
IND_00767,6,13,0.2765957446808511,13,367,2,4,5,33,0,1.0217391304347827,4,1.1459602902476658,0
IND_00768,7,15,0.2777777777777778,15,342,4,4,5,53,0,1.0588235294117647,4,0.22759352249876907,0
IND_00769,7,15,0.3125,13,335,4,4,5,53,0,1.0909090909090908,5,0.4983720107990289,0
IND_00770,6,9,0.19148936170212766,9,357,3,4,5,43,0,1.205128205128205,4,0.7463005785949486,0
IND_00771,6,19,0.3114754098360656,19,374,3,4,5,43,0,1.0892857142857142,5,1.0931495717356097,0
IND_00772,7,10,0.2222222222222222,16,358,2,4,5,33,0,1.0714285714285714,5,2.179162426116728,0
IND_00773,5,6,0.15,10,319,3,4,4,42,0,1.0,4,1.1960403994897475,0
IND_00774,7,11,0.21568627450980393,13,361,2,4,5,33,0,1.186046511627907,5,0.5713441034483712,1
IND_00775,7,23,0.3194444444444444,26,331,4,4,5,53,0,1.180327868852459,5,0.3281986849333951,1
IND_00776,7,14,0.25,12,361,3,4,5,43,0,1.0769230769230769,5,0.1948929559454121,0
IND_00777,6,14,0.30434782608695654,13,348,4,4,5,53,0,1.0454545454545454,5,0.39812149995269475,1
IND_00778,6,6,0.13953488372093023,11,355,3,4,5,43,0,1.162162162162162,3,3.6968451751330393,0
IND_00779,6,12,0.19672131147540983,16,353,4,4,5,53,0,1.0701754385964912,5,0.22334445027186667,0
IND_00780,7,11,0.22916666666666666,13,342,2,4,5,33,0,1.0,5,0.9211369834560936,0
IND_00781,7,10,0.24390243902439024,13,350,4,4,5,53,0,1.025,5,0.4561145474643216,0
IND_00782,7,13,0.19696969696969696,19,357,3,4,5,43,0,1.064516129032258,4,2.5706662663329043,0
IND_00783,7,9,0.18,17,356,2,4,5,33,0,1.1627906976744187,5,0.18175212184932962,0
IND_00784,6,14,0.28,9,363,2,4,5,33,0,1.0638297872340425,5,1.0719498994886214,0
IND_00785,7,13,0.29545454545454547,7,360,3,4,5,43,0,1.0476190476190477,5,0.8325707567747059,0
IND_00786,6,13,0.23214285714285715,17,369,3,4,5,43,0,1.0980392156862746,5,0.48319920660313626,0
IND_00787,7,10,0.2857142857142857,11,359,3,4,5,43,0,1.0294117647058822,4,2.4624314747511438,0
IND_00788,6,16,0.3333333333333333,16,349,3,4,5,43,0,1.0666666666666667,4,0.4834270839180511,0
IND_00789,6,13,0.2826086956521739,13,364,3,4,5,43,0,1.0222222222222221,5,0.5535341502034202,0
IND_00790,7,14,0.25925925925925924,16,364,3,4,5,43,0,1.1020408163265305,4,0.55391903007167,0
IND_00791,7,8,0.15384615384615385,12,353,2,4,5,33,0,1.04,4,0.3655615196117213,0
IND_00792,6,11,0.21568627450980393,16,360,4,4,5,53,0,1.0625,5,0.16476364640629163,0
IND_00793,7,9,0.15254237288135594,19,352,3,4,5,43,0,1.0350877192982457,5,3.776356541435233,0
IND_00794,7,10,0.20408163265306123,14,353,3,4,5,43,0,1.0425531914893618,5,0.4987766912263128,0
IND_00795,7,19,0.2923076923076923,16,369,2,4,5,33,0,1.0655737704918034,5,1.7253529508977348,0
IND_00796,7,10,0.23255813953488372,10,359,4,4,4,52,0,1.0238095238095237,4,0.5139970680583116,0
IND_00797,7,14,0.25,11,355,3,4,5,43,0,1.0566037735849056,5,0.1055589719663385,0
IND_00798,7,10,0.18867924528301888,13,358,4,4,5,53,0,1.0192307692307692,5,0.6821647879637946,0
IND_00799,7,8,0.1509433962264151,10,332,2,4,5,33,0,1.1041666666666667,5,0.9103574173768264,1
